cot_source_report_date,Market_and_Exchange_Names,Open_Interest_All,Dealer_Positions_Long_All,Dealer_Positions_Short_All,Asset_Mgr_Positions_Long_All,Asset_Mgr_Positions_Short_All,Lev_Money_Positions_Long_All,Lev_Money_Positions_Short_All,Other_Rept_Positions_Long_All,Other_Rept_Positions_Short_All,Tot_Rept_Positions_Long_All,Tot_Rept_Positions_Short_All,NonRept_Positions_Long_All,NonRept_Positions_Short_All,dealer_net_all,dealer_net_ratio_all,asset_mgr_net_all,asset_mgr_net_ratio_all,lev_money_net_all,lev_money_net_ratio_all,other_rept_net_all,other_rept_net_ratio_all,nonrept_net_all,nonrept_net_ratio_all
2018-04-10,BITCOIN - CHICAGO MERCANTILE EXCHANGE,1702,0,0,122,0,902,1108,53,207,1103,1341,599,361,0,0.0,122,0.07168037602820211,-206,-0.12103407755581669,-154,-0.09048178613396005,238,0.1398354876615746
2018-04-17,BITCOIN - CHICAGO MERCANTILE EXCHANGE,2029,0,0,122,0,1053,1313,130,332,1347,1687,682,342,0,0.0,122,0.06012814194184327,-260,-0.12814194184327254,-202,-0.09955643173977329,340,0.16757023164120255
2018-04-24,BITCOIN - CHICAGO MERCANTILE EXCHANGE,2380,0,0,105,0,1194,1682,198,336,1551,2072,829,308,0,0.0,105,0.04411764705882353,-488,-0.20504201680672268,-138,-0.05798319327731093,521,0.21890756302521008
2018-05-01,BITCOIN - CHICAGO MERCANTILE EXCHANGE,1991,0,0,0,0,1198,1348,177,283,1402,1658,589,333,0,0.0,0,0.0,-150,-0.07533902561526871,-106,-0.053239578101456554,256,0.12857860371672528
2018-05-08,BITCOIN - CHICAGO MERCANTILE EXCHANGE,2485,0,0,0,0,1284,1707,391,368,1695,2095,790,390,0,0.0,0,0.0,-423,-0.17022132796780684,23,0.00925553319919517,400,0.16096579476861167
2018-05-15,BITCOIN - CHICAGO MERCANTILE EXCHANGE,2505,0,0,0,29,1338,1657,337,366,1701,2078,804,427,0,0.0,-29,-0.01157684630738523,-319,-0.12734530938123753,-29,-0.01157684630738523,377,0.150499001996008
2018-05-22,BITCOIN - CHICAGO MERCANTILE EXCHANGE,2684,0,0,0,29,1323,1872,462,327,1835,2278,849,406,0,0.0,-29,-0.010804769001490314,-549,-0.20454545454545456,135,0.05029806259314456,443,0.1650521609538003
2018-05-29,BITCOIN - CHICAGO MERCANTILE EXCHANGE,2714,0,0,38,25,1172,1812,486,416,1754,2311,960,403,0,0.0,13,0.004789977892409728,-640,-0.23581429624170966,70,0.025792188651436992,557,0.20523212969786292
2018-06-05,BITCOIN - CHICAGO MERCANTILE EXCHANGE,2556,0,0,47,29,1126,1845,540,305,1740,2206,816,350,0,0.0,18,0.007042253521126761,-719,-0.28129890453834117,235,0.09194053208137715,466,0.18231611893583724
2018-06-12,BITCOIN - CHICAGO MERCANTILE EXCHANGE,2643,29,0,0,108,1349,1634,427,440,1824,2201,819,442,29,0.010972379871358306,-108,-0.04086265607264472,-285,-0.10783200908059024,-13,-0.004918653045781309,377,0.14264093832765795
2018-06-19,BITCOIN - CHICAGO MERCANTILE EXCHANGE,2633,29,0,52,59,1478,1414,159,590,1829,2174,804,459,29,0.011014052411697683,-7,-0.002658564375237372,64,0.024306874287884542,-431,-0.16369160653247247,345,0.13102924420812762
2018-06-26,BITCOIN - CHICAGO MERCANTILE EXCHANGE,2687,29,0,0,111,1508,1505,171,515,1848,2271,839,416,29,0.010792705619650168,-111,-0.041310011164867884,3,0.0011164867882396724,-344,-0.12802381838481577,423,0.15742463714179383
2018-07-03,BITCOIN - CHICAGO MERCANTILE EXCHANGE,2514,0,0,44,84,1198,1639,438,366,1728,2137,786,377,0,0.0,-40,-0.015910898965791568,-441,-0.17541766109785203,72,0.028639618138424822,409,0.16268894192521877
2018-07-10,BITCOIN - CHICAGO MERCANTILE EXCHANGE,2622,0,0,0,119,1412,1652,396,368,1921,2252,701,370,0,0.0,-119,-0.04538520213577422,-240,-0.09153318077803203,28,0.010678871090770405,331,0.12623951182303586
2018-07-17,BITCOIN - CHICAGO MERCANTILE EXCHANGE,2854,0,0,25,89,1469,1990,493,332,2070,2494,784,360,0,0.0,-64,-0.02242466713384723,-521,-0.18255080588647513,161,0.05641205325858444,424,0.14856341976173792
2018-07-24,BITCOIN - CHICAGO MERCANTILE EXCHANGE,3431,30,0,44,164,1353,2313,868,392,2500,3074,931,357,30,0.008743806470416789,-120,-0.034975225881667155,-960,-0.27980180705333724,476,0.13873506266394636,574,0.16729816380064122
2018-07-31,BITCOIN - CHICAGO MERCANTILE EXCHANGE,3063,0,0,0,209,1722,1969,259,340,2248,2785,815,278,0,0.0,-209,-0.06823375775383611,-247,-0.08063989552726085,-81,-0.02644466209598433,537,0.17531831537708129
2018-08-07,BITCOIN - CHICAGO MERCANTILE EXCHANGE,2732,0,0,0,143,1481,1454,135,470,1932,2383,800,349,0,0.0,-143,-0.052342606149341143,27,0.009882869692532943,-335,-0.1226207906295754,451,0.1650805270863836
2018-08-14,BITCOIN - CHICAGO MERCANTILE EXCHANGE,2983,0,0,0,215,2065,1766,138,521,2278,2577,705,406,0,0.0,-215,-0.0720750921890714,299,0.10023466309084814,-383,-0.12839423399262487,299,0.10023466309084814
2018-08-21,BITCOIN - CHICAGO MERCANTILE EXCHANGE,2981,0,0,0,191,2104,1838,85,515,2270,2625,711,356,0,0.0,-191,-0.06407245890640724,266,0.08923180140892319,-430,-0.1442468970144247,355,0.11908755451190875
2018-08-28,BITCOIN - CHICAGO MERCANTILE EXCHANGE,2840,0,0,67,170,1688,1745,160,529,1981,2510,859,330,0,0.0,-103,-0.03626760563380282,-57,-0.02007042253521127,-369,-0.12992957746478873,529,0.18626760563380282
2018-09-04,BITCOIN - CHICAGO MERCANTILE EXCHANGE,2707,0,0,99,140,1187,1657,576,532,1887,2354,820,353,0,0.0,-41,-0.015145917990395271,-470,-0.1736239379386775,44,0.01625415589213151,467,0.17251570003694125
2018-09-11,BITCOIN - CHICAGO MERCANTILE EXCHANGE,2711,0,0,0,199,1630,1322,116,727,1968,2470,743,241,0,0.0,-199,-0.0734046477314644,308,0.11361121357432681,-611,-0.2253780892659535,502,0.18517152342309112
2018-09-18,BITCOIN - CHICAGO MERCANTILE EXCHANGE,2742,0,0,0,140,1566,1382,90,654,1884,2404,858,338,0,0.0,-140,-0.05105762217359591,184,0.06710430342815463,-564,-0.20568927789934355,520,0.18964259664478483
2018-09-25,BITCOIN - CHICAGO MERCANTILE EXCHANGE,2746,0,1,0,131,1412,1420,213,539,1957,2423,789,323,-1,-0.0003641660597232338,-131,-0.047705753823743625,-8,-0.0029133284777858705,-326,-0.11871813546977422,466,0.16970138383102695
2018-10-02,BITCOIN - CHICAGO MERCANTILE EXCHANGE,2354,0,40,26,125,1237,1342,327,566,1613,2096,741,258,-40,-0.016992353440951572,-99,-0.04205607476635514,-105,-0.044604927782497875,-239,-0.10152931180968564,483,0.20518266779949024
2018-10-09,BITCOIN - CHICAGO MERCANTILE EXCHANGE,2848,0,76,0,121,1643,1656,395,606,2062,2483,786,365,-76,-0.026685393258426966,-121,-0.042485955056179775,-13,-0.004564606741573034,-211,-0.07408707865168539,421,0.14782303370786518
2018-10-16,BITCOIN - CHICAGO MERCANTILE EXCHANGE,2730,0,76,54,108,1606,1620,302,556,2026,2424,704,306,-76,-0.02783882783882784,-54,-0.01978021978021978,-14,-0.005128205128205128,-254,-0.09304029304029304,398,0.1457875457875458
2018-10-23,BITCOIN - CHICAGO MERCANTILE EXCHANGE,3001,0,76,0,161,1659,1400,211,531,2336,2634,665,367,-76,-0.025324891702765744,-161,-0.05364878373875375,259,0.08630456514495169,-320,-0.10663112295901367,298,0.09930023325558147
2018-10-30,BITCOIN - CHICAGO MERCANTILE EXCHANGE,2608,0,0,0,238,1789,1511,184,451,2055,2282,553,326,0,0.0,-238,-0.09125766871165644,278,0.10659509202453987,-267,-0.10237730061349694,227,0.0870398773006135
2018-11-06,BITCOIN - CHICAGO MERCANTILE EXCHANGE,2913,0,0,72,108,1877,1965,299,552,2248,2625,665,288,0,0.0,-36,-0.012358393408856848,-88,-0.030209406110538965,-253,-0.08685204256779952,377,0.12941984208719534
2018-11-13,BITCOIN - CHICAGO MERCANTILE EXCHANGE,3530,31,0,0,250,2462,2353,399,619,2893,3223,637,307,31,0.008781869688385268,-250,-0.0708215297450425,109,0.030878186968838525,-220,-0.06232294617563739,330,0.09348441926345609
2018-11-20,BITCOIN - CHICAGO MERCANTILE EXCHANGE,3729,0,0,0,166,2152,1912,315,672,3066,3349,663,380,0,0.0,-166,-0.0445159560203808,240,0.06436041834271923,-357,-0.09573612228479485,283,0.07589165996245642
2018-11-27,BITCOIN - CHICAGO MERCANTILE EXCHANGE,3791,0,0,0,238,2416,2089,261,674,3057,3381,734,410,0,0.0,-238,-0.06278026905829596,327,0.08625692429438143,-413,-0.10894223160116065,324,0.08546557636507518
2018-12-04,BITCOIN - CHICAGO MERCANTILE EXCHANGE,3301,0,0,34,123,2409,2317,195,465,2716,2983,585,318,0,0.0,-89,-0.02696152681005756,92,0.027870342320508938,-270,-0.08179339594062406,267,0.08088458043017267
2018-12-11,BITCOIN - CHICAGO MERCANTILE EXCHANGE,3970,0,0,27,256,2905,2699,159,545,3219,3628,751,342,0,0.0,-229,-0.05768261964735517,206,0.05188916876574307,-386,-0.09722921914357682,409,0.10302267002518892
2018-12-18,BITCOIN - CHICAGO MERCANTILE EXCHANGE,4359,0,0,138,110,3091,3213,178,605,3559,4080,800,279,0,0.0,28,0.006423491626519844,-122,-0.02798807065840789,-427,-0.09795824730442762,521,0.11952282633631567
2018-12-24,BITCOIN - CHICAGO MERCANTILE EXCHANGE,3857,0,0,101,140,2690,2577,160,673,3137,3576,720,281,0,0.0,-39,-0.01011148561057817,113,0.02929738138449572,-513,-0.1330049261083744,439,0.11381903033445682
2018-12-31,BITCOIN - CHICAGO MERCANTILE EXCHANGE,3708,49,0,80,140,2452,2389,105,674,2913,3430,795,278,49,0.013214670981661273,-60,-0.016181229773462782,63,0.01699029126213592,-569,-0.1534519956850054,517,0.13942826321467097
2019-01-08,BITCOIN - CHICAGO MERCANTILE EXCHANGE,3764,0,0,165,140,2610,2648,201,602,3044,3458,720,306,0,0.0,25,0.0066418703506907545,-38,-0.010095642933049946,-401,-0.1065356004250797,414,0.1099893730074389
2019-01-15,BITCOIN - CHICAGO MERCANTILE EXCHANGE,4473,0,1,27,337,3417,2923,110,608,3767,4082,706,391,-1,-0.000223563603845294,-310,-0.06930471719204113,494,0.11044042029957522,-498,-0.11133467471495641,315,0.07042253521126761
2019-01-22,BITCOIN - CHICAGO MERCANTILE EXCHANGE,4976,0,1,27,344,3341,2863,111,610,4293,4632,683,344,-1,-0.00020096463022508038,-317,-0.06370578778135048,478,0.09606109324758842,-499,-0.10028135048231511,339,0.06812700964630225
2019-01-29,BITCOIN - CHICAGO MERCANTILE EXCHANGE,4047,0,97,30,360,2760,2572,227,347,3358,3717,689,330,-97,-0.023968371633308623,-330,-0.08154188287620459,188,0.04645416357795898,-120,-0.029651593773165306,359,0.08870768470471954
2019-02-05,BITCOIN - CHICAGO MERCANTILE EXCHANGE,3881,0,97,32,291,2532,2429,245,354,3186,3548,695,333,-97,-0.0249935583612471,-259,-0.06673537748003092,103,0.026539551661942797,-109,-0.028085544962638494,362,0.09327492914197372
2019-02-12,BITCOIN - CHICAGO MERCANTILE EXCHANGE,3361,0,97,134,205,1697,2090,510,462,2599,3112,762,249,-97,-0.02886045819696519,-71,-0.021124665278191016,-393,-0.11692948527224041,48,0.01428146385004463,513,0.15263314489735197
2019-02-19,BITCOIN - CHICAGO MERCANTILE EXCHANGE,3964,0,97,170,165,1834,2259,704,761,3106,3680,858,284,-97,-0.02447023208879919,5,0.0012613521695257316,-425,-0.10721493440968718,-57,-0.01437941473259334,574,0.144803229061554
2019-02-26,BITCOIN - CHICAGO MERCANTILE EXCHANGE,3324,0,124,54,283,1575,1885,739,624,2500,3048,824,276,-124,-0.03730445246690734,-229,-0.06889290012033694,-310,-0.09326113116726835,115,0.034596871239470514,548,0.1648616125150421
2019-03-05,BITCOIN - CHICAGO MERCANTILE EXCHANGE,3226,0,124,33,228,1347,1812,823,559,2368,2888,858,338,-124,-0.038437693738375696,-195,-0.060446373217606944,-465,-0.14414135151890886,264,0.08183508989460632,520,0.16119032858028517
2019-03-12,BITCOIN - CHICAGO MERCANTILE EXCHANGE,3480,0,124,97,195,1459,2257,751,343,2638,3250,842,230,-124,-0.035632183908045977,-98,-0.028160919540229885,-798,-0.2293103448275862,408,0.11724137931034483,612,0.17586206896551723
2019-03-19,BITCOIN - CHICAGO MERCANTILE EXCHANGE,3681,0,124,156,177,1460,2528,767,285,2678,3409,1003,272,-124,-0.033686498234175494,-21,-0.0057049714751426246,-1068,-0.29013854930725347,482,0.13094267861994024,731,0.19858734039663134
2019-03-26,BITCOIN - CHICAGO MERCANTILE EXCHANGE,3428,0,124,35,241,1238,2105,687,88,2498,3096,930,332,-124,-0.03617269544924154,-206,-0.060093348891481914,-867,-0.2529171528588098,599,0.17473745624270712,598,0.17444574095682613
2019-04-02,BITCOIN - CHICAGO MERCANTILE EXCHANGE,4000,0,158,315,89,1517,2598,598,440,2901,3756,1099,244,-158,-0.0395,226,0.0565,-1081,-0.27025,158,0.0395,855,0.21375
2019-04-09,BITCOIN - CHICAGO MERCANTILE EXCHANGE,4443,0,158,244,80,1968,2714,634,804,3267,4177,1176,266,-158,-0.035561557506189514,164,0.03691199639882962,-746,-0.1679045689849201,-170,-0.03826243529146973,910,0.20481656538374973
2019-04-16,BITCOIN - CHICAGO MERCANTILE EXCHANGE,4324,0,158,163,201,2272,2541,532,975,3160,4068,1164,256,-158,-0.03654024051803885,-38,-0.008788159111933395,-269,-0.0622109158186864,-443,-0.10245143385753931,908,0.20999074930619796
2019-04-23,BITCOIN - CHICAGO MERCANTILE EXCHANGE,4313,0,158,245,132,2025,2458,501,1173,2927,4077,1386,236,-158,-0.03663343380477626,113,0.026199860885694412,-433,-0.10039415719916532,-672,-0.15580802225828888,1150,0.26663575237653603
2019-04-30,BITCOIN - CHICAGO MERCANTILE EXCHANGE,3817,0,123,254,72,1789,2375,458,942,2599,3610,1218,207,-123,-0.03222425988996594,182,0.047681425203039036,-586,-0.15352370971967513,-484,-0.12680115273775217,1011,0.2648676971443542
2019-05-07,BITCOIN - CHICAGO MERCANTILE EXCHANGE,4388,0,123,286,0,1941,2692,719,1216,3054,4139,1334,249,-123,-0.028030993618960803,286,0.06517775752051048,-751,-0.1711485870556062,-497,-0.11326344576116681,1085,0.24726526891522332
2019-05-14,BITCOIN - CHICAGO MERCANTILE EXCHANGE,4447,0,123,199,0,2289,2455,317,1218,3094,4085,1353,362,-123,-0.027659096019788623,199,0.04474926917022712,-166,-0.037328536091747244,-901,-0.20260850011243536,991,0.2228468630537441
2019-05-21,BITCOIN - CHICAGO MERCANTILE EXCHANGE,4650,0,123,223,0,2354,2498,268,1251,3229,4256,1421,394,-123,-0.026451612903225806,223,0.04795698924731183,-144,-0.03096774193548387,-983,-0.2113978494623656,1027,0.22086021505376344
2019-05-28,BITCOIN - CHICAGO MERCANTILE EXCHANGE,5190,0,123,319,0,2709,2763,238,1577,3637,4834,1553,356,-123,-0.023699421965317918,319,0.061464354527938345,-54,-0.010404624277456647,-1339,-0.25799614643545277,1197,0.230635838150289
2019-06-04,BITCOIN - CHICAGO MERCANTILE EXCHANGE,4436,0,0,300,56,2321,2698,213,1043,3045,4008,1391,428,0,0.0,244,0.05500450856627592,-377,-0.08498647430117223,-830,-0.18710550045085664,963,0.21708746618575292
2019-06-11,BITCOIN - CHICAGO MERCANTILE EXCHANGE,4434,0,0,359,0,2073,3044,362,751,3074,4075,1360,359,0,0.0,359,0.08096526838069464,-971,-0.2189896256202075,-389,-0.08773116824537663,1001,0.2257555254848895
2019-06-18,BITCOIN - CHICAGO MERCANTILE EXCHANGE,5391,0,0,354,0,2564,2911,482,1621,3891,5023,1500,368,0,0.0,354,0.06566499721758487,-347,-0.06436653682062697,-1139,-0.21127805601929142,1132,0.2099795956223335
2019-06-25,BITCOIN - CHICAGO MERCANTILE EXCHANGE,6021,0,0,310,0,3093,3246,490,1967,4284,5604,1737,417,0,0.0,310,0.05148646404251785,-153,-0.025411061285500747,-1477,-0.24530808835741572,1320,0.2192326856003986
2019-07-02,BITCOIN - CHICAGO MERCANTILE EXCHANGE,5839,36,0,188,146,3253,3326,605,1812,4304,5506,1535,333,36,0.006165439287549238,42,0.007193012502140777,-73,-0.0125021407775304,-1207,-0.20671347833533138,1202,0.20585716732317177
2019-07-09,BITCOIN - CHICAGO MERCANTILE EXCHANGE,6075,57,0,249,109,3233,3730,625,1711,4345,5731,1730,344,57,0.009382716049382716,140,0.023045267489711935,-497,-0.08181069958847736,-1086,-0.17876543209876544,1386,0.22814814814814816
2019-07-16,BITCOIN - CHICAGO MERCANTILE EXCHANGE,5322,39,0,211,151,2566,3394,506,1157,3533,4913,1789,409,39,0.007328072153325817,60,0.011273957158962795,-828,-0.1555806087936866,-651,-0.12232243517474634,1380,0.2593010146561443
2019-07-23,BITCOIN - CHICAGO MERCANTILE EXCHANGE,4928,40,0,102,111,2208,2799,682,1370,3216,4464,1712,464,40,0.008116883116883116,-9,-0.0018262987012987013,-591,-0.11992694805194805,-688,-0.1396103896103896,1248,0.2532467532467532
2019-07-30,BITCOIN - CHICAGO MERCANTILE EXCHANGE,4302,60,0,251,147,1843,2288,533,1280,2779,3807,1523,495,60,0.01394700139470014,104,0.02417480241748024,-445,-0.10344026034402604,-747,-0.17364016736401675,1028,0.2389586238958624
2019-08-06,BITCOIN - CHICAGO MERCANTILE EXCHANGE,4692,0,0,260,224,1847,2264,713,1586,2892,4146,1800,546,0,0.0,36,0.0076726342710997444,-417,-0.08887468030690537,-873,-0.1860613810741688,1254,0.2672634271099744
2019-08-13,BITCOIN - CHICAGO MERCANTILE EXCHANGE,4729,0,50,222,224,2002,2480,647,1346,2981,4210,1748,519,-50,-0.010573059843518714,-2,-0.00042292239374074856,-478,-0.10107845210403892,-699,-0.14781137661239163,1229,0.25988581095369
2019-08-20,BITCOIN - CHICAGO MERCANTILE EXCHANGE,4485,0,50,266,224,1836,2209,463,1350,2789,4057,1696,428,-50,-0.011148272017837236,42,0.009364548494983277,-373,-0.08316610925306578,-887,-0.19777034559643256,1268,0.2827201783723523
2019-08-27,BITCOIN - CHICAGO MERCANTILE EXCHANGE,4091,0,50,237,222,1739,2093,309,1131,2366,3577,1725,514,-50,-0.012221950623319482,15,0.0036665851869958446,-354,-0.08653141041310193,-822,-0.20092886824737227,1211,0.29601564409679787
2019-09-03,BITCOIN - CHICAGO MERCANTILE EXCHANGE,4493,31,50,324,163,1979,2467,421,1221,2909,4055,1584,438,-19,-0.0042288003561095034,161,0.035833518807033164,-488,-0.10861339862007567,-800,-0.17805475183618963,1146,0.25506343200534165
2019-09-10,BITCOIN - CHICAGO MERCANTILE EXCHANGE,4128,31,50,244,190,1692,2233,480,951,2700,3677,1428,451,-19,-0.004602713178294574,54,0.01308139534883721,-541,-0.1310562015503876,-471,-0.11409883720930232,977,0.2366763565891473
2019-09-17,BITCOIN - CHICAGO MERCANTILE EXCHANGE,4174,31,50,262,201,1688,2254,521,1093,2721,3817,1453,357,-19,-0.004551988500239578,61,0.014614278869190225,-566,-0.13560134163871587,-572,-0.1370388116914231,1096,0.2625778629611883
2019-09-24,BITCOIN - CHICAGO MERCANTILE EXCHANGE,4178,72,50,42,100,1651,2510,488,687,2550,3644,1628,534,22,0.005265677357587362,-58,-0.013882240306366683,-859,-0.20560076591670656,-199,-0.047630445189085685,1094,0.26184777405457155
2019-10-01,BITCOIN - CHICAGO MERCANTILE EXCHANGE,3348,59,0,70,31,1298,2063,374,572,1938,2803,1410,545,59,0.01762246117084827,39,0.011648745519713262,-765,-0.22849462365591397,-198,-0.05913978494623656,865,0.258363201911589
2019-10-08,BITCOIN - CHICAGO MERCANTILE EXCHANGE,3335,59,0,140,138,1211,2048,395,526,1940,2847,1395,488,59,0.017691154422788607,2,0.0005997001499250374,-837,-0.2509745127436282,-131,-0.039280359820089955,907,0.2719640179910045
2019-10-15,BITCOIN - CHICAGO MERCANTILE EXCHANGE,3444,59,0,210,149,1186,2031,370,511,2026,2892,1418,552,59,0.01713124274099884,61,0.017711962833914054,-845,-0.2453542392566783,-141,-0.040940766550522645,866,0.251451800232288
2019-10-22,BITCOIN - CHICAGO MERCANTILE EXCHANGE,3093,59,0,163,31,950,1714,321,518,1709,2479,1384,614,59,0.019075331393469123,132,0.04267701260911736,-764,-0.24700937601034595,-197,-0.06369220821209182,770,0.24894924021985126
2019-10-29,BITCOIN - CHICAGO MERCANTILE EXCHANGE,3155,33,0,260,86,956,2016,569,445,1970,2699,1185,456,33,0.010459587955625991,174,0.05515055467511886,-1060,-0.3359746434231379,124,0.0393026941362916,729,0.23106180665610143
2019-11-05,BITCOIN - CHICAGO MERCANTILE EXCHANGE,3520,32,0,188,149,1221,2345,595,457,2223,3138,1297,382,32,0.00909090909090909,39,0.011079545454545455,-1124,-0.31931818181818183,138,0.03920454545454546,915,0.2599431818181818
2019-11-12,BITCOIN - CHICAGO MERCANTILE EXCHANGE,3091,32,0,99,143,912,2043,636,358,1817,2682,1274,409,32,0.01035263668715626,-44,-0.014234875444839857,-1131,-0.36590100291167904,278,0.08993853121967,865,0.27984471044969267
2019-11-19,BITCOIN - CHICAGO MERCANTILE EXCHANGE,3157,38,0,67,292,1059,1914,466,334,1755,2665,1402,492,38,0.012036743744060817,-225,-0.07127019322141273,-855,-0.2708267342413684,132,0.041811846689895474,910,0.28824833702882485
2019-11-26,BITCOIN - CHICAGO MERCANTILE EXCHANGE,3554,38,0,56,298,1155,1669,334,626,1885,2895,1669,659,38,0.010692177827799663,-242,-0.06809229037703995,-514,-0.144625773776027,-292,-0.08216094541361846,1010,0.28418683173888576
2019-12-03,BITCOIN - CHICAGO MERCANTILE EXCHANGE,2983,131,0,93,256,894,1257,307,638,1497,2223,1486,760,131,0.04391552128729467,-163,-0.0546429768689239,-363,-0.1216895742541066,-331,-0.11096211867247738,726,0.2433791485082132
2019-12-10,BITCOIN - CHICAGO MERCANTILE EXCHANGE,3232,131,0,56,285,1069,1766,310,396,1688,2569,1544,663,131,0.040532178217821783,-229,-0.0708539603960396,-697,-0.2156559405940594,-86,-0.026608910891089108,881,0.27258663366336633
2019-12-17,BITCOIN - CHICAGO MERCANTILE EXCHANGE,3840,134,0,38,444,1578,2446,295,331,2182,3358,1658,482,134,0.034895833333333334,-406,-0.10572916666666667,-868,-0.22604166666666667,-36,-0.009375,1176,0.30625
2019-12-24,BITCOIN - CHICAGO MERCANTILE EXCHANGE,3541,137,0,133,283,1179,2256,276,514,1851,3179,1690,362,137,0.038689635696131035,-150,-0.04236091499576391,-1077,-0.30415136966958484,-238,-0.06721265179327873,1328,0.37503530076249647
2019-12-31,BITCOIN - CHICAGO MERCANTILE EXCHANGE,3186,137,0,159,437,1037,1840,366,451,1832,2861,1354,325,137,0.043000627746390456,-278,-0.08725674827369742,-803,-0.25204017576898935,-85,-0.026679221594475833,1029,0.3229755178907721
2020-01-07,BITCOIN - CHICAGO MERCANTILE EXCHANGE,5400,66,42,338,331,2517,3661,464,786,3643,5078,1757,322,24,0.0044444444444444444,7,0.0012962962962962963,-1144,-0.21185185185185185,-322,-0.05962962962962963,1435,0.2657407407407407
2020-01-14,BITCOIN - CHICAGO MERCANTILE EXCHANGE,5405,66,46,272,300,2688,3339,342,1043,3631,4991,1774,414,20,0.0037002775208140612,-28,-0.005180388529139685,-651,-0.12044403330249769,-701,-0.12969472710453284,1360,0.25161887141535616
2020-01-21,BITCOIN - CHICAGO MERCANTILE EXCHANGE,5139,66,46,185,445,2304,3035,437,864,3337,4735,1802,404,20,0.003891807744697412,-260,-0.050593500681066356,-731,-0.1422455730686904,-427,-0.08309009534928974,1398,0.2720373613543491
2020-01-28,BITCOIN - CHICAGO MERCANTILE EXCHANGE,4917,66,46,391,438,1747,2907,419,765,2950,4483,1967,434,20,0.004067520846044336,-47,-0.009558673988204189,-1160,-0.23591620907057148,-346,-0.07036811063656702,1533,0.31177547284929835
2020-02-04,BITCOIN - CHICAGO MERCANTILE EXCHANGE,4367,71,50,132,434,1436,3136,678,168,2516,3987,1851,380,21,0.004808793221891459,-302,-0.06915502633386765,-1700,-0.38928326081978476,510,0.11678497824593542,1471,0.3368445156858255
2020-02-11,BITCOIN - CHICAGO MERCANTILE EXCHANGE,6106,76,50,367,148,2237,4553,924,533,3994,5674,2112,432,26,0.004258106780216181,219,0.03586636095643629,-2316,-0.3792990501146413,391,0.06403537504094334,1680,0.27513920733704555
2020-02-18,BITCOIN - CHICAGO MERCANTILE EXCHANGE,6463,78,158,260,177,2452,5258,1576,181,4641,6049,1822,414,-80,-0.012378152560730311,83,0.012842333281757698,-2806,-0.43416370106761565,1395,0.2158440352777348,1408,0.21785548506885347
2020-02-25,BITCOIN - CHICAGO MERCANTILE EXCHANGE,5632,71,178,164,189,1774,4511,1741,38,4039,5205,1593,427,-107,-0.018998579545454544,-25,-0.004438920454545455,-2737,-0.48597301136363635,1703,0.30237926136363635,1166,0.20703125
2020-03-03,BITCOIN - CHICAGO MERCANTILE EXCHANGE,4837,66,159,163,196,764,3454,1234,0,2848,4430,1989,407,-93,-0.019226793467025015,-33,-0.006822410585073393,-2690,-0.5561298325408311,1234,0.25511680793880503,1582,0.32706222865412443
2020-03-10,BITCOIN - CHICAGO MERCANTILE EXCHANGE,4368,65,41,115,362,1421,3002,783,25,2878,3924,1490,444,24,0.005494505494505495,-247,-0.05654761904761905,-1581,-0.36195054945054944,758,0.17353479853479853,1046,0.23946886446886448
2020-03-17,BITCOIN - CHICAGO MERCANTILE EXCHANGE,4474,336,0,101,465,1869,2907,584,504,2993,3979,1481,495,336,0.07510058113544926,-364,-0.0813589628967367,-1038,-0.2320071524362986,80,0.017881090746535537,986,0.22038444345105052
2020-03-24,BITCOIN - CHICAGO MERCANTILE EXCHANGE,3909,36,0,125,297,1136,2291,969,550,2406,3278,1503,631,36,0.00920951650038373,-172,-0.044001023279611154,-1155,-0.29547198772064465,419,0.10718853926835507,872,0.22307495523151702
2020-03-31,BITCOIN - CHICAGO MERCANTILE EXCHANGE,3947,36,0,173,248,1489,2602,900,453,2688,3393,1259,554,36,0.009120851279452748,-75,-0.019001773498859894,-1113,-0.28198631872308083,447,0.11325057005320496,705,0.178616670889283
2020-04-07,BITCOIN - CHICAGO MERCANTILE EXCHANGE,5448,36,0,221,204,2452,3652,671,934,3683,5093,1765,355,36,0.006607929515418502,17,0.003120411160058737,-1200,-0.22026431718061673,-263,-0.04827459618208517,1410,0.2588105726872247
2020-04-14,BITCOIN - CHICAGO MERCANTILE EXCHANGE,5538,38,0,203,283,2260,3198,868,1394,3635,5141,1903,397,38,0.006861682918020947,-80,-0.01444564824846515,-938,-0.1693752257132539,-526,-0.09498013723365836,1506,0.27193932827735645
2020-04-21,BITCOIN - CHICAGO MERCANTILE EXCHANGE,5648,38,0,218,316,2394,3026,759,1600,3675,5208,1973,440,38,0.006728045325779037,-98,-0.017351274787535412,-632,-0.11189801699716714,-841,-0.14890226628895184,1533,0.27142351274787535
2020-04-28,BITCOIN - CHICAGO MERCANTILE EXCHANGE,6111,53,30,324,35,2024,3379,1233,1784,4100,5694,2011,417,23,0.0037637047946326298,289,0.047291768941253476,-1355,-0.221731304205531,-551,-0.09016527573228604,1594,0.26084110620193096
2020-05-05,BITCOIN - CHICAGO MERCANTILE EXCHANGE,7784,48,160,316,0,3312,4269,1330,2302,5713,7438,2071,346,-112,-0.014388489208633094,316,0.040596094552929084,-957,-0.12294450154162384,-972,-0.1248715313463515,1725,0.22160842754367935
2020-05-12,BITCOIN - CHICAGO MERCANTILE EXCHANGE,9939,43,300,282,113,4923,6477,1389,2047,7294,9594,2645,345,-257,-0.025857732166213905,169,0.017003722708521983,-1554,-0.15635375792333234,-658,-0.06620384344501459,2300,0.23141161082603884
2020-05-19,BITCOIN - CHICAGO MERCANTILE EXCHANGE,10878,41,342,342,193,5458,6815,1535,2576,7982,10532,2896,346,-301,-0.027670527670527672,149,0.013697370840227983,-1357,-0.1247471961757676,-1041,-0.09569773855488141,2550,0.2344180915609487
2020-05-26,BITCOIN - CHICAGO MERCANTILE EXCHANGE,8722,36,307,363,93,3880,4783,1755,2501,6436,8086,2286,636,-271,-0.0310708553084155,270,0.030956202705801423,-903,-0.10353130016051364,-746,-0.08553084155010318,1650,0.18917679431323092
2020-06-02,BITCOIN - CHICAGO MERCANTILE EXCHANGE,8824,36,394,423,214,3684,5752,1806,1706,6227,8344,2597,480,-358,-0.04057116953762466,209,0.02368540344514959,-2068,-0.23436083408884859,100,0.011332728921124207,2117,0.23991387126019945
2020-06-09,BITCOIN - CHICAGO MERCANTILE EXCHANGE,9565,36,532,435,214,4203,6198,2175,1816,7092,9003,2473,562,-496,-0.05185572399372713,221,0.023105070569785675,-1995,-0.20857292211186618,359,0.03753267119707266,1911,0.19979090433873498
2020-06-16,BITCOIN - CHICAGO MERCANTILE EXCHANGE,8784,31,495,406,294,3776,5710,2169,1447,6591,8155,2193,629,-464,-0.052823315118397086,112,0.012750455373406194,-1934,-0.22017304189435338,722,0.08219489981785064,1564,0.17805100182149364
2020-06-23,BITCOIN - CHICAGO MERCANTILE EXCHANGE,9330,31,493,642,297,3847,6230,2120,1417,7022,8819,2308,511,-462,-0.049517684887459806,345,0.03697749196141479,-2383,-0.25541264737406216,703,0.07534833869239015,1797,0.19260450160771705
2020-06-30,BITCOIN - CHICAGO MERCANTILE EXCHANGE,7675,0,493,362,80,3079,5332,2255,1017,5801,7027,1874,648,-493,-0.06423452768729641,282,0.036742671009771986,-2253,-0.2935504885993485,1238,0.16130293159609121,1226,0.15973941368078176
2020-07-07,BITCOIN - CHICAGO MERCANTILE EXCHANGE,8165,0,523,626,203,3262,5731,2132,1048,6105,7590,2060,575,-523,-0.06405388854868341,423,0.051806491120636865,-2469,-0.3023882424984691,1084,0.13276178812002448,1485,0.18187385180649113
2020-07-14,BITCOIN - CHICAGO MERCANTILE EXCHANGE,8322,0,533,444,255,3573,5460,2306,1385,6426,7736,1896,586,-533,-0.06404710406152367,189,0.022710886806056235,-1887,-0.22674837779379955,921,0.1106705118961788,1310,0.1574140831530882
2020-07-21,BITCOIN - CHICAGO MERCANTILE EXCHANGE,9230,0,533,485,278,4122,6062,2217,1651,6953,8653,2277,577,-533,-0.057746478873239436,207,0.022426868905742144,-1940,-0.21018418201516792,566,0.06132177681473456,1700,0.18418201516793067
2020-07-28,BITCOIN - CHICAGO MERCANTILE EXCHANGE,13068,0,580,646,684,5982,7942,2292,2847,9383,12516,3685,552,-580,-0.04438322620140802,-38,-0.0029078665442301807,-1960,-0.1499846954392409,-555,-0.04247015610651974,3133,0.23974594429139884
2020-08-04,BITCOIN - CHICAGO MERCANTILE EXCHANGE,12703,0,580,451,584,6312,7702,2131,3106,9189,12267,3514,436,-580,-0.04565850586475636,-133,-0.010469967724159647,-1390,-0.10942297095174368,-975,-0.07675352278989216,3078,0.24230496733055185
2020-08-11,BITCOIN - CHICAGO MERCANTILE EXCHANGE,13090,0,580,206,495,6444,7785,1943,2677,9662,12606,3428,484,-580,-0.04430863254392666,-289,-0.02207792207792208,-1341,-0.10244461420932009,-734,-0.0560733384262796,2944,0.22490450725744843
2020-08-18,BITCOIN - CHICAGO MERCANTILE EXCHANGE,14454,0,580,296,585,5760,8590,2776,2427,10569,13919,3885,535,-580,-0.040127300401273006,-289,-0.01999446519994465,-2830,-0.19579355195793552,349,0.02414556524145565,3350,0.23176975231769753
2020-08-25,BITCOIN - CHICAGO MERCANTILE EXCHANGE,11615,0,580,296,1,4839,6148,1957,2345,8418,10400,3197,1215,-580,-0.04993542832544124,295,0.025398191993112353,-1309,-0.11269909599655618,-388,-0.03340507963839862,1982,0.1706414119672837
2020-09-01,BITCOIN - CHICAGO MERCANTILE EXCHANGE,10617,0,540,745,182,4271,6842,1947,1775,7802,10178,2815,439,-540,-0.050861825374399545,563,0.053028162381086937,-2571,-0.24215880192144673,172,0.016200433267401337,2376,0.223792031647358
2020-09-08,BITCOIN - CHICAGO MERCANTILE EXCHANGE,8198,0,229,256,35,2758,4661,1729,2028,5474,7684,2724,514,-229,-0.02793364235179312,221,0.02695779458404489,-1903,-0.23212978775311052,-299,-0.03647231031959015,2210,0.26957794584044886
2020-09-15,BITCOIN - CHICAGO MERCANTILE EXCHANGE,9383,0,0,717,12,2819,5224,1653,2766,5968,8781,3415,602,0,0.0,705,0.07513588404561442,-2405,-0.25631461153149315,-1113,-0.1186187786422253,2813,0.299797506128104
2020-09-22,BITCOIN - CHICAGO MERCANTILE EXCHANGE,8426,0,0,285,12,2280,4480,1580,2062,5420,7829,3006,597,0,0.0,273,0.03239971516733919,-2200,-0.26109660574412535,-482,-0.05720389271303109,2409,0.2859007832898172
2020-09-29,BITCOIN - CHICAGO MERCANTILE EXCHANGE,7324,0,0,525,28,2004,4730,1590,1482,4675,6796,2649,528,0,0.0,497,0.0678590933915893,-2726,-0.372200983069361,108,0.01474604041507373,2121,0.289595849262698
2020-10-06,BITCOIN - CHICAGO MERCANTILE EXCHANGE,7511,0,0,703,64,2153,4854,1604,1747,4815,7020,2696,491,0,0.0,639,0.08507522300625749,-2701,-0.35960591133004927,-143,-0.01903874317667421,2205,0.293569431500466
2020-10-13,BITCOIN - CHICAGO MERCANTILE EXCHANGE,9353,0,0,702,0,3487,6314,1713,2063,6392,8867,2961,486,0,0.0,702,0.075056131722442,-2827,-0.3022559606543355,-350,-0.037421148294664815,2475,0.2646209772265583
2020-10-20,BITCOIN - CHICAGO MERCANTILE EXCHANGE,10896,0,0,874,0,4558,7741,1926,2320,7824,10527,3072,369,0,0.0,874,0.0802129221732746,-3183,-0.29212555066079293,-394,-0.03616005873715125,2703,0.2480726872246696
2020-10-27,BITCOIN - CHICAGO MERCANTILE EXCHANGE,12665,0,285,770,0,5462,9010,2579,2578,9125,12187,3540,478,-285,-0.02250296091590999,770,0.06079747335175681,-3548,-0.28014212396367943,1,7.895775759968417e-05,3062,0.24176865377023293
2020-11-03,BITCOIN - CHICAGO MERCANTILE EXCHANGE,11278,0,661,800,0,4379,8007,2539,2030,7873,10853,3405,425,-661,-0.058609682567831174,800,0.07093456286575633,-3628,-0.321688242596205,509,0.04513211562333747,2980,0.26423124667494235
2020-11-10,BITCOIN - CHICAGO MERCANTILE EXCHANGE,11311,0,732,832,7,5097,7881,2250,1803,8472,10716,2839,595,-732,-0.06471576341614357,825,0.0729378481124569,-2784,-0.24613208381221818,447,0.0395190522500221,2244,0.19839094686588277
2020-11-17,BITCOIN - CHICAGO MERCANTILE EXCHANGE,11509,0,732,845,4,5305,8097,1933,1663,8399,10812,3110,697,-732,-0.06360239812320792,841,0.07307324702406812,-2792,-0.242592753497263,270,0.02345990094708489,2413,0.20966200364931792
2020-11-24,BITCOIN - CHICAGO MERCANTILE EXCHANGE,12336,0,643,668,0,5441,9864,2381,300,9232,11549,3104,787,-643,-0.052123865110246435,668,0.05415045395590143,-4423,-0.35854409857328146,2081,0.16869325551232167,2317,0.1878242542153048
2020-12-01,BITCOIN - CHICAGO MERCANTILE EXCHANGE,11812,28,643,626,0,4509,9375,2442,460,8478,11351,3334,461,-615,-0.052065695902472064,626,0.05299695225194717,-4866,-0.41195394514053507,1982,0.167795462241788,2873,0.24322722654927192
2020-12-08,BITCOIN - CHICAGO MERCANTILE EXCHANGE,11750,316,643,544,11,4365,9354,2063,177,8347,11244,3403,506,-327,-0.027829787234042554,533,0.045361702127659574,-4989,-0.42459574468085104,1886,0.16051063829787235,2897,0.2465531914893617
2020-12-15,BITCOIN - CHICAGO MERCANTILE EXCHANGE,11370,437,618,492,26,3946,8702,2027,84,8236,10764,3134,606,-181,-0.015919085312225155,466,0.04098504837291117,-4756,-0.4182937554969217,1943,0.1708883025505717,2528,0.22233948988566402
2020-12-21,BITCOIN - CHICAGO MERCANTILE EXCHANGE,12603,525,618,573,30,4357,10320,2418,120,8725,11940,3878,663,-93,-0.007379195429659605,543,0.04308497976672221,-5963,-0.47314131555978733,2298,0.18233753868126637,3215,0.2550979925414584
2020-12-29,BITCOIN - CHICAGO MERCANTILE EXCHANGE,10653,504,628,620,32,3679,8466,2123,245,7488,9933,3165,720,-124,-0.011639913639350418,588,0.0551957195156294,-4787,-0.44935698864169715,1878,0.17628836947338777,2445,0.2295128132920304
2021-01-05,BITCOIN - CHICAGO MERCANTILE EXCHANGE,11296,436,663,793,32,3544,9058,2672,261,7953,10522,3343,774,-227,-0.020095609065155808,761,0.06736898016997167,-5514,-0.4881373937677054,2411,0.21343838526912182,2569,0.2274256373937677
2021-01-12,BITCOIN - CHICAGO MERCANTILE EXCHANGE,12039,324,754,733,0,4107,9602,2522,373,8363,11406,3676,633,-430,-0.03571725226347703,733,0.0608854556026248,-5495,-0.4564332585762937,2149,0.17850319794002825,3043,0.2527618572971177
2021-01-19,BITCOIN - CHICAGO MERCANTILE EXCHANGE,11945,413,709,639,123,3911,9119,2879,674,8416,11199,3529,746,-296,-0.02478024277940561,516,0.043197990791126,-5208,-0.43599832565927166,2205,0.1845960652992884,2783,0.23298451234826287
2021-01-26,BITCOIN - CHICAGO MERCANTILE EXCHANGE,10787,428,605,308,225,3605,7991,2424,364,7611,10031,3176,756,-177,-0.01640864002966534,83,0.007694447019560582,-4386,-0.4066005376842496,2060,0.19097061277463614,2420,0.22434411791971817
2021-02-02,BITCOIN - CHICAGO MERCANTILE EXCHANGE,9469,422,446,308,357,3031,7224,2008,161,6399,8818,3070,651,-24,-0.002534586545569754,-49,-0.0051747808638715805,-4193,-0.44281339106558243,1847,0.195057556236139,2419,0.2554652022388848
2021-02-09,BITCOIN - CHICAGO MERCANTILE EXCHANGE,11055,387,564,348,265,3149,8481,2822,64,7632,10300,3423,755,-177,-0.016010854816824967,83,0.007507914970601538,-5332,-0.48231569425599274,2758,0.24947987336047037,2668,0.24133876074174582
2021-02-16,BITCOIN - CHICAGO MERCANTILE EXCHANGE,11426,368,564,338,339,3301,8750,3030,132,7918,10666,3508,760,-196,-0.017153859618414143,-1,-8.751969193068441e-05,-5449,-0.4768948013302993,2898,0.2536320672151234,2748,0.24050411342552075
2021-02-23,BITCOIN - CHICAGO MERCANTILE EXCHANGE,10572,332,464,314,551,2633,7639,3650,259,7680,9664,2892,908,-132,-0.012485811577752554,-237,-0.022417707150964812,-5006,-0.47351494513810066,3391,0.32075293227393115,1984,0.18766553159288688
2021-03-02,BITCOIN - CHICAGO MERCANTILE EXCHANGE,8068,376,137,323,643,1757,5563,2419,168,5603,7239,2465,829,239,0.029623202776400594,-320,-0.03966286564204264,-3806,-0.47174020823004464,2251,0.2790034705007437,1636,0.20277640059494298
2021-03-09,BITCOIN - CHICAGO MERCANTILE EXCHANGE,8785,395,164,331,619,2055,6148,2573,186,6150,7913,2635,872,231,0.026294820717131476,-288,-0.0327831531018782,-4093,-0.46590779738190097,2387,0.27171314741035857,1763,0.20068298235628912
2021-03-16,BITCOIN - CHICAGO MERCANTILE EXCHANGE,9335,468,203,357,516,2099,6756,2352,139,6280,8618,3055,717,265,0.028387787895018748,-159,-0.01703267273701125,-4657,-0.49887520085698983,2213,0.23706480985538297,2338,0.25045527584359933
2021-03-23,BITCOIN - CHICAGO MERCANTILE EXCHANGE,9897,502,132,358,463,2606,7198,2608,315,7069,9103,2828,794,370,0.037385066181671214,-105,-0.010609275538041831,-4592,-0.4639789835303627,2293,0.2316863696069516,2034,0.20551682327978174
2021-03-30,BITCOIN - CHICAGO MERCANTILE EXCHANGE,9322,493,243,354,534,2335,7144,2992,173,6726,8646,2596,676,250,0.026818279339197598,-180,-0.01930916112422227,-4809,-0.515876421368805,2819,0.3024029178287921,1920,0.20596438532503755
2021-04-06,BITCOIN - CHICAGO MERCANTILE EXCHANGE,9865,501,264,355,519,2481,7477,3105,174,7123,9115,2742,750,237,0.02402432843385707,-164,-0.016624429802331475,-4996,-0.5064368981246832,2931,0.29711099847947287,1992,0.20192600101368474
2021-04-13,BITCOIN - CHICAGO MERCANTILE EXCHANGE,9653,556,311,366,340,2979,7634,2433,174,6833,8958,2820,695,245,0.025380710659898477,26,0.002693463172070859,-4655,-0.48223350253807107,2259,0.2340205117580027,2125,0.22013881694809903
2021-04-20,BITCOIN - CHICAGO MERCANTILE EXCHANGE,8817,516,87,372,554,2616,6709,2173,268,6165,8106,2652,711,429,0.04865600544402858,-182,-0.02064194170352728,-4093,-0.46421685380514915,1905,0.21605988431439266,1941,0.2201429057502552
2021-04-27,BITCOIN - CHICAGO MERCANTILE EXCHANGE,8429,489,41,369,869,1991,5464,2040,169,5744,7398,2685,1031,448,0.05314983983865227,-500,-0.059319017677067265,-3473,-0.41202989678490926,1871,0.2219717641475857,1654,0.19622731047573852
2021-05-04,BITCOIN - CHICAGO MERCANTILE EXCHANGE,8306,500,93,370,994,2544,5507,2020,258,6020,7438,2286,868,407,0.04900072236937154,-624,-0.07512641464001926,-2963,-0.3567300746448351,1762,0.21213580544184926,1418,0.17071996147363352
2021-05-11,BITCOIN - CHICAGO MERCANTILE EXCHANGE,8259,516,113,377,910,2327,5409,2152,271,6107,7438,2152,821,403,0.048795253662671026,-533,-0.06453565806998426,-3082,-0.3731686644872261,1881,0.22775154377043225,1331,0.16115752512410703
2021-05-18,BITCOIN - CHICAGO MERCANTILE EXCHANGE,9160,572,96,356,1085,3302,6123,2402,302,7341,8315,1819,845,476,0.051965065502183404,-729,-0.07958515283842794,-2821,-0.3079694323144105,2100,0.2292576419213974,974,0.10633187772925765
2021-05-25,BITCOIN - CHICAGO MERCANTILE EXCHANGE,8893,381,132,404,651,2261,5748,2564,336,6822,8079,2071,814,249,0.027999550208028787,-247,-0.02777465422242213,-3487,-0.39210615090520634,2228,0.2505341279658158,1257,0.14134712695378387
2021-06-01,BITCOIN - CHICAGO MERCANTILE EXCHANGE,7318,228,145,407,619,2081,4949,2144,269,5418,6540,1900,778,83,0.011341896693085543,-212,-0.02896966384257994,-2868,-0.3919103580213173,1875,0.25621754577753486,1122,0.15332057939327684
2021-06-08,BITCOIN - CHICAGO MERCANTILE EXCHANGE,7566,235,181,382,739,2507,4964,1915,233,5663,6741,1903,825,54,0.007137192704203013,-357,-0.0471847739888977,-2457,-0.3247422680412371,1682,0.22231033571239756,1078,0.14247951361353423
2021-06-15,BITCOIN - CHICAGO MERCANTILE EXCHANGE,7528,227,153,517,629,2603,5090,1604,199,5677,6797,1851,731,74,0.009829968119022316,-112,-0.01487778958554729,-2487,-0.33036663124335813,1405,0.1866365568544102,1120,0.1487778958554729
2021-06-22,BITCOIN - CHICAGO MERCANTILE EXCHANGE,7914,255,145,419,739,2563,4927,1910,361,6001,7026,1913,888,110,0.01389941875157948,-320,-0.04043467273186758,-2364,-0.2987111448066717,1549,0.19572908769269648,1025,0.12951731109426334
2021-06-29,BITCOIN - CHICAGO MERCANTILE EXCHANGE,6788,248,120,542,613,2291,4357,1389,180,5173,5973,1615,815,128,0.01885680612846199,-71,-0.010459634649381261,-2066,-0.30436063641720684,1209,0.17810842663523865,800,0.11785503830288745
2021-07-06,BITCOIN - CHICAGO MERCANTILE EXCHANGE,6889,280,117,504,497,2412,4603,1384,184,5286,6107,1603,782,163,0.02366090869502105,7,0.0010161126433444621,-2191,-0.31804325736681666,1200,0.17419073885905065,821,0.1191754971694005
2021-07-13,BITCOIN - CHICAGO MERCANTILE EXCHANGE,7129,295,102,546,496,2696,4923,1484,226,5587,6313,1542,816,193,0.02707252069013887,50,0.0070136063964090336,-2227,-0.3123860288960584,1258,0.1764623369336513,726,0.10183756487585917
2021-07-20,BITCOIN - CHICAGO MERCANTILE EXCHANGE,8283,341,120,560,602,3738,5724,1373,262,6719,7415,1564,868,221,0.026681154171194012,-42,-0.0050706265845708075,-1986,-0.2397681999275625,1111,0.1341301460823373,696,0.08402752625860195
2021-07-27,BITCOIN - CHICAGO MERCANTILE EXCHANGE,7802,195,105,494,165,2800,4841,984,306,6110,7054,1692,748,90,0.011535503716995642,329,0.04216867469879518,-2041,-0.26159958984875675,678,0.08690079466803384,944,0.12099461676493208
2021-08-03,BITCOIN - CHICAGO MERCANTILE EXCHANGE,6408,232,74,643,234,1969,4782,1571,169,4803,5647,1605,761,158,0.024656679151061175,409,0.06382646691635456,-2813,-0.4389825218476904,1402,0.21878901373283396,844,0.1317103620474407
2021-08-10,BITCOIN - CHICAGO MERCANTILE EXCHANGE,6769,281,51,629,275,1995,5113,1749,231,4995,6011,1774,758,230,0.033978431082877826,354,0.05229723740582065,-3118,-0.46062933963657854,1518,0.22425764514699364,1016,0.1500960260008864
2021-08-17,BITCOIN - CHICAGO MERCANTILE EXCHANGE,7363,288,52,672,311,2292,5542,1845,239,5500,6547,1863,816,236,0.03205215265516773,361,0.04902892842591335,-3250,-0.44139617003938614,1606,0.2181176151025397,1047,0.1421974738557653
2021-08-24,BITCOIN - CHICAGO MERCANTILE EXCHANGE,7515,252,110,695,311,2016,5302,1864,247,5592,6735,1923,780,142,0.01889554224883566,384,0.05109780439121756,-3286,-0.4372588157019295,1617,0.2151696606786427,1143,0.15209580838323353
2021-08-31,BITCOIN - CHICAGO MERCANTILE EXCHANGE,6362,326,139,702,370,1810,4797,1586,247,4642,5771,1720,591,187,0.029393272555800064,332,0.05218484753222257,-2987,-0.4695064445143037,1339,0.2104684061615844,1129,0.17745991826469665
2021-09-07,BITCOIN - CHICAGO MERCANTILE EXCHANGE,6659,302,161,621,378,1684,4990,1923,210,4809,6018,1850,641,141,0.02117435050307854,243,0.03649196576062472,-3306,-0.49647094158282024,1713,0.25724583270761375,1209,0.18155879261150323
2021-09-14,BITCOIN - CHICAGO MERCANTILE EXCHANGE,6620,357,195,502,451,1780,4496,1612,210,4809,5910,1811,710,162,0.02447129909365559,51,0.00770392749244713,-2716,-0.41027190332326285,1402,0.21178247734138972,1101,0.16631419939577038
2021-09-21,BITCOIN - CHICAGO MERCANTILE EXCHANGE,7348,360,145,519,471,1971,4939,1916,210,5503,6502,1845,846,215,0.029259662493195428,48,0.0065323897659227,-2968,-0.40391943385955364,1706,0.2321720195971693,999,0.1359553620032662
2021-09-28,BITCOIN - CHICAGO MERCANTILE EXCHANGE,7039,479,144,559,413,1338,4956,2642,210,5559,6264,1480,775,335,0.04759198749822418,146,0.02074158261116636,-3618,-0.5139934649808211,2432,0.34550362267367524,705,0.10015627219775536
2021-10-05,BITCOIN - CHICAGO MERCANTILE EXCHANGE,8886,503,533,487,399,1710,5994,3472,210,7128,8092,1758,794,-30,-0.00337609723160027,88,0.00990321854602746,-4284,-0.48210668467251855,3262,0.36709430564933604,964,0.10848525770875535
2021-10-12,BITCOIN - CHICAGO MERCANTILE EXCHANGE,10918,485,1010,696,320,2148,6863,4204,211,9167,10038,1751,880,-525,-0.04808572998717714,376,0.03443854185748305,-4715,-0.4318556512181718,3993,0.36572632350247297,871,0.07977651584539293
2021-10-19,BITCOIN - CHICAGO MERCANTILE EXCHANGE,13605,490,1264,839,354,2072,8317,4153,219,9737,12337,3868,1268,-774,-0.05689084895259096,485,0.0356486585814039,-6245,-0.4590224182285924,3934,0.28915839764792356,2600,0.19110621095185593
2021-10-26,BITCOIN - CHICAGO MERCANTILE EXCHANGE,16671,530,1485,1794,514,3185,9423,2498,414,11861,15690,4810,981,-955,-0.05728510587247316,1280,0.07678003719033051,-6238,-0.3741827124947514,2084,0.12500749805050687,3829,0.22968028312638714
2021-11-02,BITCOIN - CHICAGO MERCANTILE EXCHANGE,13512,554,1429,4807,691,2957,8642,1471,218,11569,12760,1943,752,-875,-0.06475725281231498,4116,0.3046181172291297,-5685,-0.42073712255772644,1253,0.09273238602723505,1191,0.08814387211367673
2021-11-09,BITCOIN - CHICAGO MERCANTILE EXCHANGE,13821,586,1422,4980,750,2620,8676,1638,220,11750,12994,2071,827,-836,-0.060487663700166415,4230,0.30605600173648795,-6056,-0.4381737935026409,1418,0.10259749656320093,1244,0.09000795890311844
2021-11-16,BITCOIN - CHICAGO MERCANTILE EXCHANGE,13648,629,1176,5139,779,2236,8182,1280,268,11640,12761,2008,887,-547,-0.040079132473622506,4360,0.3194607268464244,-5946,-0.4356682297772567,1012,0.07415005861664713,1121,0.08213657678780774
2021-11-23,BITCOIN - CHICAGO MERCANTILE EXCHANGE,14357,617,1334,5395,750,2414,7063,1590,300,12263,11694,2094,2663,-717,-0.04994079543080031,4645,0.323535557567737,-4649,-0.32381416730514734,1290,0.089851640314829,-569,-0.03963223514661837
2021-11-30,BITCOIN - CHICAGO MERCANTILE EXCHANGE,13197,587,1336,5726,702,2374,7811,1662,1494,11386,12380,1811,817,-749,-0.05675532317951049,5024,0.3806925816473441,-5437,-0.4119875729332424,168,0.012730165946806092,994,0.0753201485186027
2021-12-07,BITCOIN - CHICAGO MERCANTILE EXCHANGE,13242,479,1082,5826,718,1997,8095,1735,933,11574,12365,1668,877,-603,-0.04553692795650204,5108,0.3857423349947138,-6098,-0.46050445552031416,802,0.06056486935508231,791,0.05973417912702009
2021-12-14,BITCOIN - CHICAGO MERCANTILE EXCHANGE,13518,443,870,5759,778,2198,7824,1816,1259,11953,12468,1565,1050,-427,-0.03158751294570203,4981,0.36847166740642107,-5626,-0.41618582630566653,557,0.04120432016570499,515,0.03809735167924249
2021-12-21,BITCOIN - CHICAGO MERCANTILE EXCHANGE,12852,431,573,5630,751,1893,7571,1048,946,11097,11936,1755,916,-142,-0.01104886399004046,4879,0.37962962962962965,-5678,-0.4417989417989418,102,0.007936507936507936,839,0.06528166822284469
2021-12-28,BITCOIN - CHICAGO MERCANTILE EXCHANGE,12468,459,540,5554,859,2453,8104,697,426,10862,11628,1606,840,-81,-0.0064966313763233875,4695,0.3765640038498556,-5651,-0.4532402951555983,271,0.02173564324671158,766,0.06143727943535451
2022-01-04,BITCOIN - CHICAGO MERCANTILE EXCHANGE,10563,463,401,5541,900,1451,6807,749,793,9065,9762,1498,801,62,0.0058695446369402635,4641,0.4393638170974155,-5356,-0.5070529205718073,-44,-0.0041654832907318,697,0.06598504212818328
2022-01-11,BITCOIN - CHICAGO MERCANTILE EXCHANGE,10855,404,264,5419,968,1464,7159,1085,540,9414,9973,1441,882,140,0.012897282358360202,4451,0.4100414555504376,-5695,-0.5246430216490097,545,0.05020727775218793,559,0.05149700598802395
2022-01-18,BITCOIN - CHICAGO MERCANTILE EXCHANGE,11468,414,244,5417,1043,1496,7339,1445,717,10061,10632,1407,836,170,0.014823857690966167,4374,0.38140913847227065,-5843,-0.5095047087547959,728,0.0634809905824904,571,0.049790722009068714
2022-01-25,BITCOIN - CHICAGO MERCANTILE EXCHANGE,11756,300,288,5525,1004,1565,7612,1573,571,10287,10799,1469,957,12,0.0010207553589656345,4521,0.38456958149030285,-6047,-0.5143756379720994,1002,0.08523307247363049,512,0.04355222864920041
2022-02-01,BITCOIN - CHICAGO MERCANTILE EXCHANGE,9948,384,228,5536,703,1248,6716,1120,991,8716,9066,1232,882,156,0.015681544028950542,4833,0.48582629674306393,-5468,-0.5496582227583434,129,0.012967430639324488,350,0.03518295134700442
2022-02-08,BITCOIN - CHICAGO MERCANTILE EXCHANGE,9886,362,280,5856,655,1045,6361,864,1339,8412,8920,1474,966,82,0.00829455796075258,5201,0.5260975116326118,-5316,-0.5377301234068379,-475,-0.04804774428484726,508,0.051385798098320855
2022-02-15,BITCOIN - CHICAGO MERCANTILE EXCHANGE,10646,355,353,6118,718,1103,6396,1100,1637,9282,9710,1364,936,2,0.00018786398647379298,5400,0.5072327634792411,-5293,-0.4971820402028931,-537,-0.050441480368213415,428,0.0402028931053917
2022-02-22,BITCOIN - CHICAGO MERCANTILE EXCHANGE,11007,335,317,6025,821,1365,7243,1098,981,9669,10208,1338,799,18,0.001635322976287817,5204,0.47279004270009994,-5878,-0.5340238030344326,117,0.01062959934587081,539,0.04896883801217407
2022-03-01,BITCOIN - CHICAGO MERCANTILE EXCHANGE,9980,306,294,5862,843,1036,6299,1098,1303,8782,9219,1198,761,12,0.0012024048096192384,5019,0.5029058116232465,-5263,-0.5273547094188377,-205,-0.020541082164328657,437,0.0437875751503006
2022-03-08,BITCOIN - CHICAGO MERCANTILE EXCHANGE,9591,299,355,5893,925,906,6174,934,735,8641,8798,950,793,-56,-0.005838807215097487,4968,0.5179856115107914,-5268,-0.549264935877385,199,0.02074861849650714,157,0.016369513085184025
2022-03-15,BITCOIN - CHICAGO MERCANTILE EXCHANGE,10198,281,328,5957,902,982,6512,1048,789,9169,9432,1029,766,-47,-0.004608746813100608,5055,0.49568542851539515,-5530,-0.5422631888605609,259,0.025397136693469307,263,0.02578937046479702
2022-03-22,BITCOIN - CHICAGO MERCANTILE EXCHANGE,11274,300,356,6289,816,1159,6807,1003,1253,10011,10492,1263,782,-56,-0.004967181124711726,5473,0.48545325527762995,-5648,-0.5009756962923541,-250,-0.022174915735320207,481,0.042664537874756076
2022-03-29,BITCOIN - CHICAGO MERCANTILE EXCHANGE,12024,354,1193,6812,614,1788,7133,1140,1836,10722,11404,1302,620,-839,-0.0697771124417831,6198,0.5154690618762475,-5345,-0.4445276114437791,-696,-0.05788423153692615,682,0.05671989354624085
2022-04-05,BITCOIN - CHICAGO MERCANTILE EXCHANGE,11374,345,1393,6674,635,1507,6702,722,1159,10052,10693,1322,681,-1048,-0.09213996834886583,6039,0.5309477756286267,-5195,-0.45674344997362404,-437,-0.03842096008440302,641,0.05635660277826622
2022-04-12,BITCOIN - CHICAGO MERCANTILE EXCHANGE,10632,406,1127,6110,807,1374,6654,656,230,9574,9846,1058,786,-721,-0.06781414597441686,5303,0.4987772761474793,-5280,-0.4966139954853273,426,0.040067720090293454,272,0.025583145221971408
2022-04-19,BITCOIN - CHICAGO MERCANTILE EXCHANGE,11276,377,1124,6214,570,1194,6226,833,1067,10121,10490,1155,786,-747,-0.06624689606243349,5644,0.5005321035828308,-5032,-0.4462575381340901,-234,-0.02075203973040085,369,0.03272437034409365
2022-04-26,BITCOIN - CHICAGO MERCANTILE EXCHANGE,10709,364,872,6147,523,1714,6812,654,686,9767,9781,942,928,-508,-0.04743673545615837,5624,0.525165748435895,-5098,-0.4760481837706602,-32,-0.0029881408161359603,14,0.0013073116070594828
2022-05-03,BITCOIN - CHICAGO MERCANTILE EXCHANGE,10051,353,722,5831,658,1496,6834,739,246,9184,9225,867,826,-369,-0.036712764899015024,5173,0.5146751567008258,-5338,-0.5310914336881902,493,0.0490498457864889,41,0.004079196099890558
2022-05-10,BITCOIN - CHICAGO MERCANTILE EXCHANGE,10841,283,802,5735,888,1863,7192,1135,220,9852,9938,989,903,-519,-0.04787381237893183,4847,0.447098976109215,-5329,-0.4915598192048704,915,0.08440180795129601,86,0.007932847523291209
2022-05-17,BITCOIN - CHICAGO MERCANTILE EXCHANGE,11644,192,1062,5688,641,1413,7691,2465,433,10563,10632,1081,1012,-870,-0.0747165922363449,5047,0.43344211611130196,-6278,-0.539161800068705,2032,0.1745104774991412,69,0.005925798694606664
2022-05-24,BITCOIN - CHICAGO MERCANTILE EXCHANGE,11729,191,1335,5386,566,2116,7249,2171,682,10657,10625,1072,1104,-1144,-0.09753602182624264,4820,0.410947224827351,-5133,-0.4376332168130275,1489,0.12695029414272316,-32,-0.00272828033080399
2022-05-31,BITCOIN - CHICAGO MERCANTILE EXCHANGE,10900,209,1688,5566,572,1102,6428,1962,251,9867,9967,1033,933,-1479,-0.1356880733944954,4994,0.4581651376146789,-5326,-0.48862385321100915,1711,0.15697247706422018,100,0.009174311926605505
2022-06-07,BITCOIN - CHICAGO MERCANTILE EXCHANGE,10990,215,1827,5857,856,1118,6173,1938,311,9927,9966,1063,1024,-1612,-0.14667879890809826,5001,0.4550500454959054,-5055,-0.4599636032757052,1627,0.14804367606915378,39,0.003548680618744313
2022-06-14,BITCOIN - CHICAGO MERCANTILE EXCHANGE,12242,253,1917,6371,1060,1344,6572,2090,395,11234,11120,1008,1122,-1664,-0.13592550236889397,5311,0.4338343407939879,-5228,-0.4270544028753472,1695,0.1384577683385068,-114,-0.009312203888253554
2022-06-21,BITCOIN - CHICAGO MERCANTILE EXCHANGE,13537,62,2010,6612,1012,1508,7167,2391,333,12489,12438,1048,1099,-1948,-0.1439018985004063,5600,0.4136810223830982,-5659,-0.41803944744034865,2058,0.15202777572578857,-51,-0.003767452168131787
2022-06-28,BITCOIN - CHICAGO MERCANTILE EXCHANGE,13707,153,2003,6526,1088,2478,7597,2095,426,12817,12679,890,1028,-1850,-0.13496753483621507,5438,0.39673159699423655,-5119,-0.3734588166630189,1669,0.12176260304953673,-138,-0.010067848544539286
2022-07-05,BITCOIN - CHICAGO MERCANTILE EXCHANGE,13258,96,2002,5914,961,2171,7408,2619,471,12200,12242,1058,1016,-1906,-0.1437622567506411,4953,0.37358575954140893,-5237,-0.3950067883542012,2148,0.16201538693618947,42,0.0031678986272439284
2022-07-12,BITCOIN - CHICAGO MERCANTILE EXCHANGE,13505,137,2108,6096,1369,2264,7149,2044,287,12258,12630,1247,875,-1971,-0.14594594594594595,4727,0.35001851166234726,-4885,-0.36171788226582746,1757,0.1300999629766753,372,0.027545353572750834
2022-07-19,BITCOIN - CHICAGO MERCANTILE EXCHANGE,14512,132,2178,6247,1211,2800,8296,2209,275,13152,13724,1360,788,-2046,-0.14098676957001102,5036,0.34702315325248073,-5496,-0.3787210584343991,1934,0.13326901874310915,572,0.039415656008820285
2022-07-26,BITCOIN - CHICAGO MERCANTILE EXCHANGE,14957,126,2239,6580,1138,2184,6814,1337,275,13797,14036,1160,921,-2113,-0.1412716453834325,5442,0.36384301664772345,-4630,-0.30955405495754496,1062,0.07100354349134184,239,0.01597914020191215
2022-08-02,BITCOIN - CHICAGO MERCANTILE EXCHANGE,12849,94,2153,7082,957,2233,7094,1085,627,11764,12101,1085,748,-2059,-0.1602459335356837,6125,0.4766907930578255,-4861,-0.3783173787843412,458,0.0356447972604872,337,0.026227722001712195
2022-08-09,BITCOIN - CHICAGO MERCANTILE EXCHANGE,12510,106,1937,7153,935,2029,6556,445,606,11476,11777,1034,733,-1831,-0.1463629096722622,6218,0.49704236610711433,-4527,-0.3618705035971223,-161,-0.012869704236610711,301,0.024060751398880895
2022-08-16,BITCOIN - CHICAGO MERCANTILE EXCHANGE,12423,113,1819,7129,983,1673,6270,619,815,11221,11574,1202,849,-1706,-0.13732592771472268,6146,0.49472752153264105,-4597,-0.3700394429686871,-196,-0.015777187474845047,353,0.02841503662561378
2022-08-23,BITCOIN - CHICAGO MERCANTILE EXCHANGE,13302,59,1968,6368,1144,2804,7502,1597,449,12161,12396,1141,906,-1909,-0.1435122537964216,5224,0.3927228988122087,-4698,-0.3531799729364005,1148,0.0863028116072771,235,0.01766651631333634
2022-08-30,BITCOIN - CHICAGO MERCANTILE EXCHANGE,14440,173,2048,5823,1410,3928,7908,1928,517,13444,13475,996,965,-1875,-0.1298476454293629,4413,0.30560941828254845,-3980,-0.2756232686980609,1411,0.09771468144044321,31,0.002146814404432133
2022-09-06,BITCOIN - CHICAGO MERCANTILE EXCHANGE,15337,200,2110,5402,1899,4538,8072,2666,704,14381,14360,956,977,-1910,-0.12453543717806612,3503,0.22840190389254744,-3534,-0.23042315967920715,1962,0.12792593075568887,-21,-0.0013692377909630307
2022-09-13,BITCOIN - CHICAGO MERCANTILE EXCHANGE,13089,100,2162,5653,1394,3420,7045,1641,407,12145,12339,944,750,-2062,-0.1575368630147452,4259,0.32538773015509204,-3625,-0.27695011078004433,1234,0.09427763771105509,194,0.014821605928642371
2022-09-20,BITCOIN - CHICAGO MERCANTILE EXCHANGE,13880,108,2502,5488,1431,3390,7241,2416,463,12773,13008,1107,872,-2394,-0.17247838616714697,4057,0.29229106628242074,-3851,-0.27744956772334295,1953,0.14070605187319885,235,0.016930835734870316
2022-09-27,BITCOIN - CHICAGO MERCANTILE EXCHANGE,14271,105,2574,5666,1151,3472,7962,2717,470,13210,13407,1061,864,-2469,-0.17300819844439774,4515,0.31637586714315746,-4490,-0.3146240627846682,2247,0.15745217574101325,197,0.013804218344895243
2022-10-04,BITCOIN - CHICAGO MERCANTILE EXCHANGE,14230,124,2487,6028,1117,2682,8175,2985,493,12939,13392,1291,838,-2363,-0.16605762473647223,4911,0.34511595221363317,-5493,-0.3860154602951511,2492,0.17512297962052004,453,0.031834153197470134
2022-10-11,BITCOIN - CHICAGO MERCANTILE EXCHANGE,15756,246,2553,5902,1486,3722,8172,2867,746,14749,14969,1007,787,-2307,-0.14642041127189642,4416,0.2802741812642803,-4450,-0.2824320893627824,2121,0.1346153846153846,220,0.013962934755013963
2022-10-18,BITCOIN - CHICAGO MERCANTILE EXCHANGE,14228,258,2568,5992,1158,2091,7219,2489,528,12824,13467,1404,761,-2310,-0.16235591790834975,4834,0.33975260050604444,-5128,-0.3604160809671071,1961,0.1378268203542311,643,0.04519257801518133
2022-10-25,BITCOIN - CHICAGO MERCANTILE EXCHANGE,14854,237,2330,6309,847,3525,7875,1239,615,13678,14035,1176,819,-2093,-0.14090480678605088,5462,0.3677124007001481,-4350,-0.29285041066379425,624,0.042008886495220145,357,0.02403393025447691
2022-11-01,BITCOIN - CHICAGO MERCANTILE EXCHANGE,12183,222,2453,6397,1042,2304,5873,450,473,10965,11433,1218,750,-2231,-0.18312402528112945,5355,0.4395469096281704,-3569,-0.29294919149634735,-23,-0.0018878765492899943,468,0.03841418369859641
2022-11-08,BITCOIN - CHICAGO MERCANTILE EXCHANGE,14439,224,2640,6265,1434,3998,7038,962,768,13170,13601,1269,838,-2416,-0.1673246069672415,4831,0.3345799570607383,-3040,-0.21054089618394625,194,0.013435833506475517,431,0.02984971258397396
2022-11-15,BITCOIN - CHICAGO MERCANTILE EXCHANGE,17901,415,2608,5706,1416,5365,9052,2736,1489,16670,17013,1231,888,-2193,-0.1225071225071225,4290,0.23965141612200436,-3687,-0.20596614714261774,1247,0.0696609127981677,343,0.01916094072956818
2022-11-22,BITCOIN - CHICAGO MERCANTILE EXCHANGE,18354,340,3017,5459,1322,5743,8672,2761,1595,16949,17252,1405,1102,-2677,-0.14585376484689985,4137,0.22540045766590389,-2929,-0.15958374196360467,1166,0.06352838618284842,303,0.016508662961752206
2022-11-29,BITCOIN - CHICAGO MERCANTILE EXCHANGE,16832,271,3095,5606,1369,4842,8606,3191,1296,15596,16052,1236,780,-2824,-0.16777566539923955,4237,0.25172290874524716,-3764,-0.22362167300380228,1895,0.11258317490494296,456,0.02709125475285171
2022-12-06,BITCOIN - CHICAGO MERCANTILE EXCHANGE,15769,171,3130,6303,1278,4197,7707,2286,1343,14404,14905,1365,864,-2959,-0.18764664848753884,5025,0.31866319994926756,-3510,-0.2225886232481451,943,0.05980087513475807,501,0.03177119665165832
2022-12-13,BITCOIN - CHICAGO MERCANTILE EXCHANGE,13989,101,3490,6455,968,4176,5677,337,1383,12660,13109,1329,880,-3389,-0.24226177711058688,5487,0.3922367574522839,-1501,-0.10729859175066124,-1046,-0.07477303595682322,449,0.032096647365787406
2022-12-20,BITCOIN - CHICAGO MERCANTILE EXCHANGE,14563,272,3754,6006,875,3962,5692,1174,1571,13244,13722,1319,841,-3482,-0.239099086726636,5131,0.3523312504291698,-1730,-0.11879420449083293,-397,-0.02726086657968825,478,0.03282290736798737
2022-12-27,BITCOIN - CHICAGO MERCANTILE EXCHANGE,16028,272,3659,5941,969,4768,6690,1423,1432,14737,15083,1291,945,-3387,-0.211317694035438,4972,0.31020713750935863,-1922,-0.11991514849014225,-9,-0.000561517344646868,346,0.02158722236086848
2023-01-03,BITCOIN - CHICAGO MERCANTILE EXCHANGE,14530,300,3643,5766,923,4453,5650,1297,1789,13427,13616,1103,914,-3343,-0.23007570543702685,4843,0.33331039229181003,-1197,-0.082381280110117,-492,-0.03386097728836889,189,0.013007570543702685
2023-01-10,BITCOIN - CHICAGO MERCANTILE EXCHANGE,14891,306,3576,6212,880,5217,6612,701,1991,13552,14175,1339,716,-3270,-0.21959572896380364,5332,0.35806863205963335,-1395,-0.0936807467597878,-1290,-0.0866295077563629,623,0.041837351420321
2023-01-17,BITCOIN - CHICAGO MERCANTILE EXCHANGE,15885,203,3622,7027,306,5291,6490,769,3162,14445,14735,1440,1150,-3419,-0.2152344979540447,6721,0.423103556814605,-1199,-0.07548001259049418,-2393,-0.15064526282656596,290,0.01825621655649984
2023-01-24,BITCOIN - CHICAGO MERCANTILE EXCHANGE,17390,304,4346,7671,63,5605,7642,769,2823,15923,16448,1467,942,-4042,-0.23243243243243245,7608,0.43749281196089707,-2037,-0.1171362852213916,-2054,-0.11811385853939045,525,0.030189764232317423
2023-01-31,BITCOIN - CHICAGO MERCANTILE EXCHANGE,17542,292,5797,8149,58,5683,7201,766,2713,15907,16786,1635,756,-5505,-0.313818264736062,8091,0.46123589100444645,-1518,-0.0865351727283092,-1947,-0.11099076502109223,879,0.050108311481016986
2023-02-07,BITCOIN - CHICAGO MERCANTILE EXCHANGE,16843,303,5827,7721,28,5274,6690,796,2160,15399,16010,1444,833,-5524,-0.3279700765896812,7693,0.4567476102832037,-1416,-0.08407053375289437,-1364,-0.0809831977676186,611,0.036276197826990444
2023-02-14,BITCOIN - CHICAGO MERCANTILE EXCHANGE,15158,356,5298,7187,72,4207,6159,782,1421,13890,14308,1268,850,-4942,-0.3260324581079298,7115,0.4693891014645732,-1952,-0.12877688349386462,-639,-0.042155957250296874,418,0.027576197387518143
2023-02-21,BITCOIN - CHICAGO MERCANTILE EXCHANGE,16501,348,5345,7406,70,4614,6405,624,1546,15103,15477,1398,1024,-4997,-0.3028301315071814,7336,0.44457911641718684,-1791,-0.10853887643173141,-922,-0.05587540149081874,374,0.022665293012544694
2023-02-28,BITCOIN - CHICAGO MERCANTILE EXCHANGE,15161,369,5140,7047,240,4527,6106,682,1452,13929,14242,1232,919,-4771,-0.3146890046830684,6807,0.44898093793285404,-1579,-0.10414880284941627,-770,-0.05078820658267924,313,0.020645076182309874
2023-03-07,BITCOIN - CHICAGO MERCANTILE EXCHANGE,12821,414,4185,6470,362,2346,5259,1161,696,11731,11842,1090,979,-3771,-0.29412682318071914,6108,0.47640589657593013,-2913,-0.22720536619608456,465,0.03626862179237189,111,0.008657671008501677
2023-03-14,BITCOIN - CHICAGO MERCANTILE EXCHANGE,13472,305,3881,5924,318,2551,6047,2030,949,12224,12609,1248,863,-3576,-0.2654394299287411,5606,0.41612232779097386,-3496,-0.25950118764845603,1081,0.08024049881235154,385,0.028577790973871735
2023-03-21,BITCOIN - CHICAGO MERCANTILE EXCHANGE,14049,292,3299,6899,243,3484,7746,605,716,12599,13323,1450,726,-3007,-0.21403658623389565,6656,0.4737703751156666,-4262,-0.30336678767172043,-111,-0.00790091821481956,724,0.051533917004769024
2023-03-28,BITCOIN - CHICAGO MERCANTILE EXCHANGE,14409,285,3767,6428,220,4147,7217,546,749,12960,13507,1449,902,-3482,-0.2416545214796308,6208,0.43084183496425843,-3070,-0.2130612811437296,-203,-0.01408841696162121,547,0.03796238462072316
2023-04-04,BITCOIN - CHICAGO MERCANTILE EXCHANGE,13380,321,3714,6450,170,3327,6656,616,972,11922,12720,1458,660,-3393,-0.2535874439461883,6280,0.4693572496263079,-3329,-0.24880418535127055,-356,-0.026606875934230195,798,0.059641255605381166
2023-04-11,BITCOIN - CHICAGO MERCANTILE EXCHANGE,15977,508,4146,7376,82,4637,8136,546,1452,14435,15184,1542,793,-3638,-0.2277023220880015,7294,0.4565312636915566,-3499,-0.2190023158290042,-906,-0.056706515616198286,749,0.04687988984164737
2023-04-18,BITCOIN - CHICAGO MERCANTILE EXCHANGE,15385,493,3998,7041,249,4053,7737,557,825,14017,14682,1368,703,-3505,-0.22781930451738708,6792,0.4414689632759181,-3684,-0.23945401364965876,-268,-0.017419564510887227,665,0.04322391940201495
2023-04-25,BITCOIN - CHICAGO MERCANTILE EXCHANGE,14064,458,3045,6406,256,2249,6625,811,587,12700,13289,1364,775,-2587,-0.1839448236632537,6150,0.4372866894197952,-4376,-0.3111490329920364,224,0.015927189988623434,589,0.041879977246871446
2023-05-02,BITCOIN - CHICAGO MERCANTILE EXCHANGE,12521,554,2825,6582,363,2280,6596,540,823,11262,11913,1259,608,-2271,-0.18137528951361712,6219,0.4966855682453478,-4316,-0.3447009024838272,-283,-0.022602028591965497,651,0.051992652344061974
2023-05-09,BITCOIN - CHICAGO MERCANTILE EXCHANGE,13102,556,2483,6511,229,2752,7634,399,580,11768,12476,1334,626,-1927,-0.14707678217066097,6282,0.47946878339184856,-4882,-0.3726148679590902,-181,-0.013814684780949474,708,0.05403755151885208
2023-05-16,BITCOIN - CHICAGO MERCANTILE EXCHANGE,13043,558,2469,6349,169,2337,7062,953,949,11709,12161,1334,882,-1911,-0.1465153722303151,6180,0.4738173733036878,-4725,-0.36226328298704286,4,0.00030667791152342254,452,0.03465460400214675
2023-05-23,BITCOIN - CHICAGO MERCANTILE EXCHANGE,13043,546,2437,6373,180,2184,7078,1189,949,11836,12188,1207,855,-1891,-0.144981982672698,6193,0.47481407651613894,-4894,-0.37522042474890743,240,0.018400674691405352,352,0.02698765621406118
2023-05-30,BITCOIN - CHICAGO MERCANTILE EXCHANGE,11715,497,2555,6478,184,1865,6639,416,315,10537,10974,1178,741,-2058,-0.17567221510883482,6294,0.5372599231754162,-4774,-0.40751173708920185,101,0.008621425522833974,437,0.0373026034997866
2023-06-06,BITCOIN - CHICAGO MERCANTILE EXCHANGE,13026,567,2205,6198,368,2397,7625,1126,517,11854,12281,1172,745,-1638,-0.12574850299401197,5830,0.447566405650238,-5228,-0.4013511438661139,609,0.04675264854905573,427,0.032780592660832185
2023-06-13,BITCOIN - CHICAGO MERCANTILE EXCHANGE,13251,584,2166,6045,327,1859,7634,1718,523,12083,12527,1168,724,-1582,-0.11938721605916534,5718,0.4315146026714965,-5775,-0.4358161648177496,1195,0.09018187306618368,444,0.03350690513923477
2023-06-20,BITCOIN - CHICAGO MERCANTILE EXCHANGE,15687,555,3008,6540,261,3308,9079,1726,311,14428,14958,1259,729,-2453,-0.15637151781730094,6279,0.4002677376171352,-5771,-0.36788423535411485,1415,0.09020207815388538,530,0.03378593740039523
2023-06-27,BITCOIN - CHICAGO MERCANTILE EXCHANGE,18829,536,4473,7603,70,6145,10411,324,758,17049,18153,1780,676,-3937,-0.2090923575335918,7533,0.40007435339104575,-4266,-0.22656540442933773,-434,-0.023049551224175475,1104,0.05863295979605927
2023-07-03,BITCOIN - CHICAGO MERCANTILE EXCHANGE,17008,556,4081,8311,70,5356,10464,321,873,15440,16384,1568,624,-3525,-0.20725540921919097,8241,0.48453668861712135,-5108,-0.30032925682031986,-552,-0.032455315145813735,944,0.055503292568203196
2023-07-11,BITCOIN - CHICAGO MERCANTILE EXCHANGE,16302,777,4140,8243,152,4189,9931,453,490,14767,15818,1535,484,-3363,-0.2062937062937063,8091,0.49631947000368054,-5742,-0.3522267206477733,-37,-0.0022696601643970066,1051,0.06447061710219605
2023-07-18,BITCOIN - CHICAGO MERCANTILE EXCHANGE,15455,627,4177,8958,113,2487,8830,493,410,13798,14763,1657,692,-3550,-0.22969912649627952,8845,0.572306696861857,-6343,-0.41041734066645097,83,0.00537043028146231,965,0.06243934001941119
2023-07-25,BITCOIN - CHICAGO MERCANTILE EXCHANGE,16017,658,4037,8616,113,2440,8844,644,187,14514,15337,1503,680,-3379,-0.21096335143909595,8503,0.5308734469626022,-6404,-0.3998251857401511,457,0.028532184553911467,823,0.05138290566273335
2023-08-01,BITCOIN - CHICAGO MERCANTILE EXCHANGE,14860,583,3480,8220,121,2311,8957,1169,350,13634,14259,1226,601,-2897,-0.19495289367429341,8099,0.5450201884253029,-6646,-0.44724091520861375,819,0.055114401076716016,625,0.04205921938088829
2023-08-08,BITCOIN - CHICAGO MERCANTILE EXCHANGE,16743,587,4372,8748,50,3637,10164,1092,171,15493,16186,1250,557,-3785,-0.22606462402197933,8698,0.5195006868542077,-6527,-0.38983455772561665,921,0.055008063071134206,693,0.041390431822254076
2023-08-15,BITCOIN - CHICAGO MERCANTILE EXCHANGE,15432,614,4359,8471,0,2131,8694,1364,225,14133,14831,1299,601,-3745,-0.24267755313634007,8471,0.548924313115604,-6563,-0.4252851218247797,1139,0.07380767236910316,698,0.04523068947641265
2023-08-22,BITCOIN - CHICAGO MERCANTILE EXCHANGE,17262,599,3066,7633,582,2771,10163,2556,162,16091,16505,1171,757,-2467,-0.1429150735720079,7051,0.40846947051326615,-7392,-0.4282238442822384,2394,0.1386861313868613,414,0.023983315954118872
2023-08-29,BITCOIN - CHICAGO MERCANTILE EXCHANGE,16172,565,2785,7758,936,2483,10012,2517,164,14895,15469,1277,703,-2220,-0.13727430126143952,6822,0.42184021766015334,-7529,-0.46555775414296313,2353,0.1454983922829582,574,0.03549344546129112
2023-09-05,BITCOIN - CHICAGO MERCANTILE EXCHANGE,14962,520,2077,7624,1539,1670,8755,2224,162,13744,14239,1218,723,-1557,-0.10406362785723834,6085,0.406696965646304,-7085,-0.47353295014035557,2062,0.13781580002673438,495,0.03308381232455554
2023-09-12,BITCOIN - CHICAGO MERCANTILE EXCHANGE,15423,530,1679,7295,1291,1660,9221,2509,114,14289,14600,1134,823,-1149,-0.07449912468391363,6004,0.38928872463204306,-7561,-0.4902418465927511,2395,0.1552875575439279,311,0.02016468910069377
2023-09-19,BITCOIN - CHICAGO MERCANTILE EXCHANGE,16670,620,2111,7392,850,2204,10304,2763,114,15479,15879,1191,791,-1491,-0.08944211157768446,6542,0.39244151169766045,-8100,-0.4859028194361128,2649,0.15890821835632873,400,0.02399520095980804
2023-09-26,BITCOIN - CHICAGO MERCANTILE EXCHANGE,14844,433,1859,7168,1093,1594,8220,1852,114,13644,13883,1200,961,-1426,-0.09606575047157101,6075,0.40925626515763947,-6626,-0.44637563998922125,1738,0.11708434384263001,239,0.01610078146052277
2023-10-03,BITCOIN - CHICAGO MERCANTILE EXCHANGE,14447,427,2898,7336,623,2373,8565,1941,410,13252,13671,1195,776,-2471,-0.1710389700283796,6713,0.4646639440714335,-6192,-0.42860109365266147,1531,0.10597355852426109,419,0.029002561085346438
2023-10-10,BITCOIN - CHICAGO MERCANTILE EXCHANGE,14683,429,2600,7402,517,1946,9114,2096,153,13397,13908,1286,775,-2171,-0.14785806715248928,6885,0.4689096233739699,-7168,-0.48818361370292174,1943,0.13232990533269767,511,0.034802152148743444
2023-10-17,BITCOIN - CHICAGO MERCANTILE EXCHANGE,16561,407,2823,7344,127,2576,10429,2567,183,15220,15888,1341,673,-2416,-0.14588491033150172,7217,0.43578286335366223,-7853,-0.47418634140450455,2384,0.1439526598635348,668,0.040335728518809254
2023-10-24,BITCOIN - CHICAGO MERCANTILE EXCHANGE,19678,509,3596,8383,25,3536,11489,3021,1231,18061,18953,1617,725,-3087,-0.15687569874987295,8358,0.42473828641122063,-7953,-0.4041569265169225,1790,0.0909645289155402,892,0.045329809940034556
2023-10-31,BITCOIN - CHICAGO MERCANTILE EXCHANGE,19603,683,4757,9181,0,4780,11822,2450,1358,18135,18978,1468,625,-4074,-0.20782533285721574,9181,0.4683466816303627,-7042,-0.3592307299903076,1092,0.05570575932255267,843,0.04300362189460797
2023-11-07,BITCOIN - CHICAGO MERCANTILE EXCHANGE,21749,798,5355,10268,0,4782,12188,2836,2024,20169,21052,1580,697,-4557,-0.20952687479884133,10268,0.4721136603981792,-7406,-0.3405214032829096,812,0.037335049887351146,883,0.040599567796220516
2023-11-14,BITCOIN - CHICAGO MERCANTILE EXCHANGE,21203,834,5539,10886,0,3958,10635,1347,1714,19594,20457,1609,746,-4705,-0.22190256095835495,10886,0.5134179125595435,-6677,-0.31490826769796726,-367,-0.017308871386124604,863,0.04070178748290336
2023-11-21,BITCOIN - CHICAGO MERCANTILE EXCHANGE,21939,850,6226,10973,34,3780,11322,2701,1153,20275,20706,1664,1233,-5376,-0.24504307397784766,10939,0.49860978166735037,-7542,-0.3437713660604403,1548,0.0705592779980856,431,0.019645380372852
2023-11-28,BITCOIN - CHICAGO MERCANTILE EXCHANGE,23027,676,6408,11448,0,4479,13303,3720,1565,21339,22292,1688,735,-5732,-0.2489251747948061,11448,0.49715551309332523,-8824,-0.38320232770226254,2155,0.09358579059365094,953,0.0413861988100925
2023-12-05,BITCOIN - CHICAGO MERCANTILE EXCHANGE,23035,647,6439,11735,0,4390,12535,3030,1691,21394,22257,1641,778,-5792,-0.2514434556110267,11735,0.5094421532450618,-8145,-0.3535923594530063,1339,0.05812893423051878,863,0.03746472758845235
2023-12-12,BITCOIN - CHICAGO MERCANTILE EXCHANGE,21211,734,6292,11469,0,3435,11606,1760,379,19557,20436,1654,775,-5558,-0.2620338503606619,11469,0.5407100089576163,-8171,-0.3852246475885154,1381,0.06510772712271934,879,0.04144076186884164
2023-12-19,BITCOIN - CHICAGO MERCANTILE EXCHANGE,23239,870,6399,11606,0,3187,12415,2625,520,20650,21696,2589,1543,-5529,-0.237919015448169,11606,0.49941907999483626,-9228,-0.39709109686303196,2105,0.09058048969404879,1046,0.045010542622315936
2023-12-26,BITCOIN - CHICAGO MERCANTILE EXCHANGE,22526,976,5841,11862,0,2818,12649,2162,538,20381,21591,2145,935,-4865,-0.21597265382224984,11862,0.5265914942732842,-9831,-0.4364290153600284,1624,0.07209446861404599,1210,0.05371570629494806
2024-01-02,BITCOIN - CHICAGO MERCANTILE EXCHANGE,23579,882,5867,12724,0,3317,13616,2977,1404,21895,22882,1684,697,-4985,-0.21141693880147588,12724,0.5396327240340981,-10299,-0.436786971457653,1573,0.0667119046609271,987,0.04185928156410365
2024-01-09,BITCOIN - CHICAGO MERCANTILE EXCHANGE,26846,906,6261,14339,0,3579,14998,3484,1888,25285,26124,1561,722,-5355,-0.1994710571407286,14339,0.5341205393727184,-11419,-0.4253520077478954,1596,0.059450197422334795,839,0.03125232809357074
2024-01-16,BITCOIN - CHICAGO MERCANTILE EXCHANGE,23286,1921,5039,12824,15,3578,13413,613,1488,21539,22558,1747,728,-3118,-0.13390019754358842,12809,0.5500730052391996,-9835,-0.4223567808983939,-875,-0.03757622605857597,1019,0.043760199261358754
2024-01-23,BITCOIN - CHICAGO MERCANTILE EXCHANGE,22815,1588,4017,12427,42,2972,11328,288,2662,21202,21976,1613,839,-2429,-0.10646504492658339,12385,0.5428446197676967,-8356,-0.36625027394258164,-2374,-0.10405435020819637,774,0.033925049309664695
2024-01-30,BITCOIN - CHICAGO MERCANTILE EXCHANGE,20679,1575,4784,12793,0,2642,12123,762,1646,19244,20025,1435,654,-3209,-0.15518158518303593,12793,0.6186469365056337,-9481,-0.458484452826539,-884,-0.042748682238019246,781,0.037767783741960444
2024-02-06,BITCOIN - CHICAGO MERCANTILE EXCHANGE,20897,1675,4957,12290,0,2938,12252,614,1074,19306,20072,1591,825,-3282,-0.15705603675168683,12290,0.5881226970378524,-9314,-0.4457099105134708,-460,-0.022012729099870794,766,0.03665597932717615
2024-02-13,BITCOIN - CHICAGO MERCANTILE EXCHANGE,24769,1923,5462,13220,0,3935,14059,1560,1886,23044,23813,1725,956,-3539,-0.1428802131696879,13220,0.5337316807299447,-10124,-0.4087367273608139,-326,-0.013161613306956275,769,0.031046873107513424
2024-02-20,BITCOIN - CHICAGO MERCANTILE EXCHANGE,25530,1941,5606,13724,34,4400,14677,1380,2024,23806,24702,1724,828,-3665,-0.1435566000783392,13690,0.5362318840579711,-10277,-0.40254602428515474,-644,-0.025225225225225224,896,0.03509596553074814
2024-02-27,BITCOIN - CHICAGO MERCANTILE EXCHANGE,25229,1956,5454,14065,311,4141,15037,1631,1998,23503,24510,1726,719,-3498,-0.1386499663086131,13754,0.5451662769035633,-10896,-0.4318839430813746,-367,-0.014546751753933966,1007,0.03991438424035832
2024-03-05,BITCOIN - CHICAGO MERCANTILE EXCHANGE,27747,2501,5169,15924,393,4650,17059,770,2116,26042,26934,1705,813,-2668,-0.09615453922946625,15531,0.5597361876959671,-12409,-0.44721951922730385,-1346,-0.048509748801672255,892,0.03214761956247522
2024-03-12,BITCOIN - CHICAGO MERCANTILE EXCHANGE,30398,2835,4893,18936,464,3813,19287,879,2754,28598,29533,1800,865,-2058,-0.0677018224883216,18472,0.6076715573392987,-15474,-0.5090466478057767,-1875,-0.06168168958484111,935,0.030758602539640766
2024-03-19,BITCOIN - CHICAGO MERCANTILE EXCHANGE,33196,2723,4948,18097,524,5548,19917,895,2717,31533,32376,1663,820,-2225,-0.067026147728642,17573,0.5293710085552477,-14369,-0.43285335582600315,-1822,-0.054886130859139654,843,0.025394625858537172
2024-03-26,BITCOIN - CHICAGO MERCANTILE EXCHANGE,31238,2967,4679,19284,588,3629,19731,827,2675,29415,30381,1823,857,-1712,-0.05480504513733274,18696,0.598501824700685,-16102,-0.5154619373839554,-1848,-0.05915871694730777,966,0.030923874767910878
2024-04-02,BITCOIN - CHICAGO MERCANTILE EXCHANGE,29745,2285,4281,19477,548,3232,19313,821,2521,28126,28974,1619,771,-1996,-0.06710371491006892,18929,0.6363758614893259,-16081,-0.5406286770885863,-1700,-0.057152462598756094,848,0.02850899310808539
2024-04-09,BITCOIN - CHICAGO MERCANTILE EXCHANGE,29074,1761,4354,19547,508,2994,19010,807,2228,27375,28366,1699,708,-2593,-0.08918621448717066,19039,0.6548462543853615,-16016,-0.5508701932998555,-1421,-0.04887528375868474,991,0.03408543716034945
2024-04-16,BITCOIN - CHICAGO MERCANTILE EXCHANGE,29526,1703,4395,18898,632,2653,17836,598,1665,27994,28670,1532,856,-2692,-0.09117388064756486,18266,0.6186411975885661,-15183,-0.5142247510668563,-1067,-0.036137641400799295,676,0.022895075526654474
2024-04-23,BITCOIN - CHICAGO MERCANTILE EXCHANGE,27932,1460,4139,19010,517,2566,19059,701,679,26407,27064,1525,868,-2679,-0.09591149935557783,18493,0.6620721752828297,-16493,-0.5904697121580983,22,0.0007876270943720464,657,0.023521409136474294
2024-04-30,BITCOIN - CHICAGO MERCANTILE EXCHANGE,24795,1506,3461,16882,421,2061,16525,411,977,23334,23858,1461,937,-1955,-0.07884654164145997,16461,0.6638838475499093,-14464,-0.5833434160112926,-566,-0.02282718289977818,524,0.021133293002621498
2024-05-07,BITCOIN - CHICAGO MERCANTILE EXCHANGE,26155,1330,3810,17255,476,1899,17120,1435,1162,24567,25216,1588,939,-2480,-0.09481934620531447,16779,0.6415216975721659,-15221,-0.5819537373351176,273,0.010437774804052762,649,0.024813611164213344
2024-05-14,BITCOIN - CHICAGO MERCANTILE EXCHANGE,27077,1326,3476,16904,518,1833,17479,2057,1245,25558,26156,1519,921,-2150,-0.0794031835136832,16386,0.6051630535140525,-15646,-0.5778335857000406,812,0.029988551168888725,598,0.022085164530782582
2024-05-21,BITCOIN - CHICAGO MERCANTILE EXCHANGE,30694,1254,4164,18734,706,2332,19154,2098,1162,29108,29876,1586,818,-2910,-0.09480680263243631,18028,0.587346061119437,-16822,-0.5480549944614582,936,0.030494559197237245,768,0.025021176777220305
2024-05-28,BITCOIN - CHICAGO MERCANTILE EXCHANGE,30255,1277,3924,18594,773,2140,19191,1919,946,28492,29396,1763,859,-2647,-0.08748967112873905,17821,0.5890266071723682,-17051,-0.5635762683853909,973,0.03215997355808957,904,0.029879358783672122
2024-06-04,BITCOIN - CHICAGO MERCANTILE EXCHANGE,31086,1245,3974,18527,636,3326,21276,2844,809,29485,30238,1601,848,-2729,-0.0877887151772502,17891,0.5755323940037316,-17950,-0.5774303545004182,2035,0.06546355272469923,753,0.024223122949237598
2024-06-11,BITCOIN - CHICAGO MERCANTILE EXCHANGE,30503,1259,3830,18482,591,2402,20045,2396,762,28871,29560,1632,943,-2571,-0.08428679146313478,17891,0.5865324722158476,-17643,-0.5784021243812084,1634,0.053568501458872896,689,0.02258794216962266
2024-06-18,BITCOIN - CHICAGO MERCANTILE EXCHANGE,30627,1214,3799,17911,654,2477,19548,2537,636,29088,29586,1539,1041,-2585,-0.08440265125542822,17257,0.563457080353936,-17071,-0.5573840075750155,1901,0.06206941587488164,498,0.016260162601626018
2024-06-25,BITCOIN - CHICAGO MERCANTILE EXCHANGE,30171,1187,3790,17398,493,1655,18592,2783,531,28672,29055,1499,1116,-2603,-0.08627489973815916,16905,0.5603062543502039,-16937,-0.5613668754764509,2252,0.07464121175963674,383,0.01269430910476948
2024-07-02,BITCOIN - CHICAGO MERCANTILE EXCHANGE,27063,1151,3690,17291,493,1251,18022,2663,551,25716,26116,1347,947,-2539,-0.09381812807153679,16798,0.6206998485016443,-16771,-0.6197021764032073,2112,0.07804012858884825,400,0.01478032738425156
2024-07-09,BITCOIN - CHICAGO MERCANTILE EXCHANGE,28241,1052,3795,17695,563,1152,18928,3882,701,26878,27084,1363,1157,-2743,-0.09712828865833363,17132,0.606635742360398,-17776,-0.6294394674409547,3181,0.11263765447399171,206,0.007294359264898552
2024-07-16,BITCOIN - CHICAGO MERCANTILE EXCHANGE,31183,1141,3892,19999,656,1636,20439,2963,1150,29720,30118,1463,1065,-2751,-0.0882211461373184,19343,0.6203059359266266,-18803,-0.6029888080043614,1813,0.05814065356123529,398,0.012763364653817786
2024-07-23,BITCOIN - CHICAGO MERCANTILE EXCHANGE,32435,1206,3812,20438,636,1868,20542,2093,1094,30837,31316,1598,1119,-2606,-0.08034530599660861,19802,0.6105133343610297,-18674,-0.5757360875597348,999,0.03080006166178511,479,0.014767997533528596
2024-07-30,BITCOIN - CHICAGO MERCANTILE EXCHANGE,28605,1092,4247,19767,643,2700,20293,1670,721,27138,27813,1467,792,-3155,-0.11029540290159064,19124,0.6685544485229855,-17593,-0.6150323370040203,949,0.0331760181786401,675,0.023597273203985317
2024-08-06,BITCOIN - CHICAGO MERCANTILE EXCHANGE,27535,977,4272,17710,629,1882,19127,3900,622,26371,26552,1164,983,-3295,-0.119665879789359,17081,0.620337751952061,-17245,-0.6262938078808789,3278,0.11904848374795715,181,0.006573451970219721
2024-08-13,BITCOIN - CHICAGO MERCANTILE EXCHANGE,27874,868,4249,18608,598,2203,19491,3000,622,26726,27007,1148,867,-3381,-0.12129583124058262,18010,0.6461218339671378,-17288,-0.6202195594460788,2378,0.08531247757767095,281,0.010081079141852623
2024-08-20,BITCOIN - CHICAGO MERCANTILE EXCHANGE,29630,940,4278,18784,620,1905,19036,2997,918,28415,28641,1215,989,-3338,-0.11265609179885251,18164,0.6130273371582855,-17131,-0.5781640229497131,2079,0.07016537293283834,226,0.007627404657441782
2024-08-27,BITCOIN - CHICAGO MERCANTILE EXCHANGE,29817,1152,4603,19303,604,2365,20297,3180,794,28509,28807,1308,1010,-3451,-0.11573934332763189,18699,0.6271254653385653,-17932,-0.6014018848308013,2386,0.08002146426535198,298,0.00999429855451588
2024-09-03,BITCOIN - CHICAGO MERCANTILE EXCHANGE,26859,1200,4188,17664,371,2184,18876,3207,1063,25792,26035,1067,824,-2988,-0.11124762649391265,17293,0.6438437767601176,-16692,-0.62146766447001,2144,0.07982426747086638,243,0.00904724673293868
2024-09-10,BITCOIN - CHICAGO MERCANTILE EXCHANGE,28157,1005,3807,18196,367,1748,18886,2926,1083,26932,27200,1225,957,-2802,-0.0995134424832191,17829,0.6331995596121746,-17138,-0.6086585928898676,1843,0.0654544163085556,268,0.00951805945235643
2024-09-17,BITCOIN - CHICAGO MERCANTILE EXCHANGE,30995,1014,3760,11674,416,1914,19963,10213,1053,29757,30134,1238,861,-2746,-0.08859493466688176,11258,0.36321987417325374,-18049,-0.5823197289885466,9160,0.29553153734473303,377,0.012163252137441523
2024-09-24,BITCOIN - CHICAGO MERCANTILE EXCHANGE,30542,1040,3833,9233,365,1985,20623,13060,950,29109,29562,1433,980,-2793,-0.09144784231549996,8868,0.2903542662563028,-18638,-0.6102416344705651,12110,0.3965031759544234,453,0.014832034575338878
2024-10-01,BITCOIN - CHICAGO MERCANTILE EXCHANGE,28539,1061,4200,9163,359,2690,20031,12237,792,27389,27620,1150,919,-3139,-0.10998983846665966,8804,0.30849013630470584,-17341,-0.6076246539822698,11445,0.4010301692420898,231,0.008094186902133923
2024-10-08,BITCOIN - CHICAGO MERCANTILE EXCHANGE,29382,1202,4234,9632,359,1980,20828,13007,810,28132,28542,1250,840,-3032,-0.10319243073990879,9273,0.31560138860526854,-18848,-0.6414811789531005,12197,0.4151180995167109,410,0.013954121571029883
2024-10-15,BITCOIN - CHICAGO MERCANTILE EXCHANGE,34494,11766,4400,10112,540,2795,23179,3786,746,33089,33495,1405,999,7366,0.213544384530643,9572,0.2774975358033281,-20384,-0.5909433524670957,3040,0.08813126920623876,406,0.011770162926885834
2024-10-22,BITCOIN - CHICAGO MERCANTILE EXCHANGE,33562,11972,4402,9535,528,3054,23303,3933,792,32044,32575,1518,987,7570,0.22555270842023717,9007,0.2683689887372624,-20249,-0.6033311483225076,3141,0.09358798641320541,531,0.015821464751802634
2024-10-29,BITCOIN - CHICAGO MERCANTILE EXCHANGE,33787,12506,4409,10072,546,3745,24660,3487,822,32346,32973,1441,814,8097,0.2396483854737029,9526,0.2819427590493385,-20915,-0.619025068813449,2665,0.07887649095806079,627,0.01855743333234676
2024-11-05,BITCOIN - CHICAGO MERCANTILE EXCHANGE,32011,12401,4350,9865,598,3484,22738,2214,808,30568,31098,1443,913,8051,0.25150729436756114,9267,0.28949423635625254,-19254,-0.6014807409952829,1406,0.04392240167442442,530,0.016556808597044767
2024-11-12,BITCOIN - CHICAGO MERCANTILE EXCHANGE,38531,14935,4966,11083,947,4830,25189,1579,1972,36927,37574,1604,957,9969,0.25872673950844777,10136,0.26306091199294074,-20359,-0.5283797461784018,-393,-0.010199579559315875,647,0.01679167423632919
2024-11-19,BITCOIN - CHICAGO MERCANTILE EXCHANGE,41203,14936,5097,11393,947,4914,25022,1628,2595,39370,40160,1833,1043,9839,0.23879329175060068,10446,0.2535252287454797,-20108,-0.48802271679246656,-967,-0.023469164866635923,790,0.01917336116302211
2024-11-26,BITCOIN - CHICAGO MERCANTILE EXCHANGE,40510,13795,5204,11119,960,5300,24505,1282,1517,38843,39533,1667,977,8591,0.21207109355714637,10159,0.25077758578128856,-19205,-0.47408047395704767,-235,-0.005801036781041718,690,0.017032831399654405
2024-12-03,BITCOIN - CHICAGO MERCANTILE EXCHANGE,37021,14397,4705,11038,922,4094,25749,2584,1292,35421,35976,1600,1045,9692,0.2617973582561249,10116,0.2732503173874288,-21655,-0.5849382782744929,1292,0.03489911131519948,555,0.014991491315739715
2024-12-10,BITCOIN - CHICAGO MERCANTILE EXCHANGE,37588,14698,4747,10889,828,4657,25643,2254,1764,35961,36445,1627,1143,9951,0.2647387464084282,10061,0.26766521230179846,-20986,-0.5583164839842503,490,0.013036075343194637,484,0.012876449930828988
2024-12-17,BITCOIN - CHICAGO MERCANTILE EXCHANGE,42524,16088,4682,11452,854,3653,26850,3148,2267,40885,41197,1639,1327,11406,0.26822500235161323,10598,0.24922396764180227,-23197,-0.5455037155488666,881,0.02071771235067256,312,0.007337033204778478
2024-12-24,BITCOIN - CHICAGO MERCANTILE EXCHANGE,37125,15216,3993,10767,781,4140,25242,1556,1938,35789,36064,1336,1061,11223,0.3023030303030303,9986,0.268983164983165,-21102,-0.5684040404040404,-382,-0.01028956228956229,275,0.007407407407407408
2024-12-31,BITCOIN - CHICAGO MERCANTILE EXCHANGE,33893,14154,2988,10520,750,3771,23835,897,2132,32567,32930,1326,963,11166,0.32944855869943646,9770,0.28826011270763874,-20064,-0.5919806449709379,-1235,-0.03643820257870357,363,0.010710176142566311
