split,feature,num_rows,raw_missing_rate,raw_mean,raw_std,normalized_mean,normalized_std,normalized_min,normalized_max
test,finbert_news_count_7d,1441,0.0,81.71269951422623,29.966405636285852,1.1628099411363324,1.099708800995508,-0.9918319324895227,5.907402399999493
test,finbert_unique_source_count_7d,1441,0.0,16.85496183206107,4.851914423804272,2.16523774806151,1.4088078660760666,-1.276983614932777,6.853130975835443
test,finbert_positive_count_7d,1441,0.0,24.90145732130465,10.943613189067827,1.9459793600406832,1.5004021117220296,-0.7825699842526875,10.322772369302877
test,finbert_negative_count_7d,1441,0.0,21.1353226925746,11.057813252057677,0.9296761809369196,1.3064893629916843,-1.3311772975399372,7.766433473888097
test,finbert_neutral_count_7d,1441,0.0,35.67591950034698,16.446571001717853,0.6353232214021448,1.0857388430199062,-1.2577497880164479,5.475894688784375
test,finbert_positive_ratio_7d,1441,0.0,0.3098363605759841,0.08512691314537096,0.9763783800030208,0.8980330703228835,-1.2560956357246837,3.388223974580931
test,finbert_negative_ratio_7d,1441,0.0,0.2603121751143047,0.10476252183853103,-0.07347194952249277,1.042608655165348,-2.126176470582111,3.478192290808179
test,finbert_neutral_ratio_7d,1441,0.0,0.42985146430971105,0.09152125999089367,-0.8986889829450997,0.9656951428591846,-3.862793007422819,1.6697362775913405
test,finbert_confidence_mean_7d,1441,0.0,0.8125031459925942,0.017920122650503474,-0.3002523655252566,0.7415179011926777,-2.8916663330125063,2.0239222192719017
test,finbert_confidence_max_7d,1441,0.0,0.9681759797432339,0.005894196990236208,0.3892393433007297,0.6836999840199717,-2.2744544337302965,1.294122134582657
test,finbert_low_confidence_count_7d,1441,0.0,2.6037473976405274,1.8407711483445952,0.5737209699489317,1.0373600924389925,-0.8936116984999319,5.3053995295339
test,finbert_high_confidence_positive_count_7d,1441,0.0,14.524635669673838,7.106768549658028,1.9182560630989636,1.563128523335155,-0.8365283544391726,9.940985660296546
test,finbert_high_confidence_negative_count_7d,1441,0.0,14.278972935461486,8.548179691862781,0.9739446087033231,1.5020415881138574,-1.5350821031511268,9.710664372065864
test,finbert_sentiment_mean_7d,1441,0.0,0.05936443480716143,0.14123527569310745,0.6498417557579095,1.0063315327760354,-2.807424274608884,2.997864947976082
test,finbert_sentiment_sum_7d,1441,0.0,4.5825430653933985,12.274815816876673,0.858731366227799,1.7080738989985786,-7.3640128525232145,7.769947140016752
test,finbert_sentiment_std_7d,1441,0.0,0.5735089709836194,0.05862719571456294,0.671637391455598,0.9705042106157903,-2.4960766649316235,3.35931652731335
test,finbert_sentiment_abs_mean_7d,1441,0.0,0.4741073635707535,0.06363747201238328,0.8400543951850284,0.8674149693588638,-1.6845887946665683,3.327107650438834
test,finbert_confidence_weighted_sentiment_mean_7d,1441,0.0,0.04803160809073639,0.15198752912866836,0.6134998001311652,1.029654214498693,-2.907588114660822,3.0459227799779245
test,finbert_positive_prob_mean_7d,1441,0.0,0.3202477170318448,0.06716617280267119,1.1013721130823146,0.901102418353676,-1.3106210205396729,3.7405949078296263
test,finbert_negative_prob_mean_7d,1441,0.0,0.2608832822564968,0.09071108277476407,-0.10799918039986857,1.075464662453313,-2.4442677684103225,3.814969334917832
test,finbert_neutral_prob_mean_7d,1441,0.0,0.4188690011720874,0.07437867584898282,-0.9715695213351367,0.9901282671991128,-3.7124063454401828,1.7201816942619772
test,finbert_news_count_20d,1441,0.0,233.02428868841082,73.04596363616801,1.2779489956769197,1.027356259618268,-0.9023928801615132,3.935801261118824
test,finbert_unique_source_count_20d,1441,0.0,26.400416377515615,5.769452191618925,2.9358106587668304,1.4330942346444198,-0.39276522931302676,7.059038791489264
test,finbert_positive_count_20d,1441,0.0,70.9090909090909,24.358374109326117,2.388730242378534,1.4375539401770654,-0.2026449603608434,7.941677105391487
test,finbert_negative_count_20d,1441,0.0,60.27758501040944,24.70588921348856,1.1042685799581737,1.2105452766030456,-1.4572414737667623,5.549507931542024
test,finbert_neutral_count_20d,1441,0.0,101.83761276891047,41.00484899972903,0.7013235028979106,1.0325531549242686,-1.032093299648133,3.223537130385996
test,finbert_positive_ratio_20d,1441,0.0,0.30915646151473686,0.06355524489812363,1.2633997602772367,0.8895488899477092,-0.45025026008707253,4.121653598230666
test,finbert_negative_ratio_20d,1441,0.0,0.2612760134047991,0.08452385791572842,-0.08851086926544535,1.2209722192053156,-2.5626437276117384,3.6450325275667526
test,finbert_neutral_ratio_20d,1441,0.0,0.42956752508046403,0.07450752849061575,-1.1769067610006456,1.0421937310487892,-4.023978050686344,1.2169478361606896
test,finbert_confidence_mean_20d,1441,0.0,0.812672613987418,0.010636278341490182,-0.4329273679825852,0.6281694287877699,-2.206319434809615,1.2512700051134111
test,finbert_confidence_max_20d,1441,0.0,0.9718992564607911,0.002737342337304701,0.25986167512694913,0.7128247313694235,-3.711108425019004,1.3217370581643662
test,finbert_low_confidence_count_20d,1441,0.0,7.404580152671755,3.5387347793104813,0.7325746140492266,0.8945825435810579,-1.1392831430946067,3.6638652667311673
test,finbert_high_confidence_positive_count_20d,1441,0.0,41.37196391394865,15.136909941237498,2.461001807178337,1.5021144268763562,-0.15602555269814491,8.67590807913173
test,finbert_high_confidence_negative_count_20d,1441,0.0,40.72727272727273,18.324657513640993,1.221195425520462,1.4092566777057294,-1.6033132620934532,7.010039963501456
test,finbert_sentiment_mean_20d,1441,0.0,0.0575484687250338,0.10938935018673004,0.8539738662934597,1.0604243384111687,-2.0287360723438206,3.4820135971522994
test,finbert_sentiment_sum_20d,1441,0.0,12.98061290437503,26.045260744247773,1.1925997854594426,1.7712228042498368,-4.160238929145608,7.004203458168636
test,finbert_sentiment_std_20d,1441,0.0,0.579002007325254,0.04733309910396443,0.9078283618675063,1.0507391703777995,-2.0360123811748183,3.535280049659584
test,finbert_sentiment_abs_mean_20d,1441,0.0,0.4740543004473323,0.05038717363183617,1.0926953360243727,0.8915869283221833,-0.9793369374485826,3.649245059771948
test,finbert_confidence_weighted_sentiment_mean_20d,1441,0.0,0.04560072232412758,0.11772664617714676,0.7917747942704285,1.0750682828237192,-2.0883935553023774,3.3054121411786697
test,finbert_positive_prob_mean_20d,1441,0.0,0.3193769124877823,0.04958775109182213,1.3685500562913393,0.8463750505907576,-0.3650289435806178,3.997424590677141
test,finbert_negative_prob_mean_20d,1441,0.0,0.2618284438135534,0.07387301949732278,-0.13155947223550513,1.2284171774472148,-2.6823001498448655,3.726226916457929
test,finbert_neutral_prob_mean_20d,1441,0.0,0.4187946441667665,0.06217962789764234,-1.2291787277818205,1.057566284120838,-4.063093508406325,0.9875179318079562
test,finbert_news_count_60d,1441,0.0,695.5780707841776,181.73136305699762,1.3573091533011985,0.9089412622469948,-0.766245752628422,3.3950564984987834
test,finbert_unique_source_count_60d,1441,0.0,39.38167938931298,6.063856147545428,3.7702180319364405,1.361162080900806,0.9908855292309056,6.602669713177038
test,finbert_positive_count_60d,1441,0.0,210.24566273421235,51.493873801977585,2.782227809115625,1.1943150859180958,0.2948423505014234,6.557045004703399
test,finbert_negative_count_60d,1441,0.0,180.43372657876475,60.11667998380326,1.209273418864636,1.1012030381049245,-1.4730647380829351,4.223759253909003
test,finbert_neutral_count_60d,1441,0.0,304.8986814712006,106.48955081453782,0.7635963920458514,0.9521398682719511,-0.8717295638913061,2.677910046874719
test,finbert_positive_ratio_60d,1441,0.0,0.307437737836377,0.04403865306356083,1.6735822363615152,0.8316163039860415,-0.01576482145642629,3.7431698388610313
test,finbert_negative_ratio_60d,1441,0.0,0.2616062759501248,0.07090197363794994,-0.18291041653838444,1.3911332832222958,-2.9720128443989604,3.2393991170624705
test,finbert_neutral_ratio_60d,1441,0.0,0.4309559862134981,0.06473963936372744,-1.447336199942438,1.1815449542167749,-4.375922882576465,0.7047191048323537
test,finbert_confidence_mean_60d,1441,0.0,0.8128526179776852,0.005591282971359435,-0.5052640481502777,0.44109447321844186,-1.6916515650023913,0.7146602133456718
test,finbert_confidence_max_60d,1441,0.0,0.9738140206384456,0.0016011228255800316,-0.018521572139761418,0.8483898709081162,-3.4270389855753858,1.1275802459149153
test,finbert_low_confidence_count_60d,1441,0.0,21.990978487161694,7.707926592331058,0.8648026168750522,0.7892743107162743,-1.0798307778170328,3.42567005376438
test,finbert_high_confidence_positive_count_60d,1441,0.0,122.75850104094378,30.083736460397155,2.9653875256607036,1.2036258166092013,0.4144617793788795,6.975968332388434
test,finbert_high_confidence_negative_count_60d,1441,0.0,122.10617626648161,43.03535943517777,1.442215154919144,1.3217217067941545,-1.6015792078555466,5.308724038864785
test,finbert_sentiment_mean_60d,1441,0.0,0.055637134187621194,0.08411770319431855,1.1867437363807214,1.1090216737820828,-1.7525036547277095,3.845946646804598
test,finbert_sentiment_sum_60d,1441,0.0,37.265208848679706,56.95231605212948,1.6815464340727773,1.8024234674288258,-3.5879079188980967,6.186790945987152
test,finbert_sentiment_std_60d,1441,0.0,0.5823884347287185,0.03941322746861127,1.111460273204164,1.0885466751912094,-0.9285307413389741,3.617205826814296
test,finbert_sentiment_abs_mean_60d,1441,0.0,0.4731289046235954,0.04344125302843003,1.3512555405067206,0.984425685566858,-0.2862744134060421,3.8504379313250645
test,finbert_confidence_weighted_sentiment_mean_60d,1441,0.0,0.04342936158452392,0.08996705756061202,1.0959559771890532,1.1086149681832742,-1.8847908926665784,3.720149221664608
test,finbert_positive_prob_mean_60d,1441,0.0,0.31786580358943173,0.03455501794126739,1.7991836168867286,0.7841890655142788,0.19729227446569397,3.8048183409627616
test,finbert_negative_prob_mean_60d,1441,0.0,0.262228669450794,0.062127908564727136,-0.2410042082554349,1.3951280166808768,-3.198793811903168,3.19479076913119
test,finbert_neutral_prob_mean_60d,1441,0.0,0.4199055273773102,0.05506418538301307,-1.4970561335839707,1.2025761606152456,-4.443293763530117,0.5801783327488874
test,finbert_sentiment_mean_z_7d,1441,0.0,0.6498417557579097,1.0063315327760358,0.6498417557579095,1.0063315327760356,-2.807424274608884,2.9978649479760815
test,finbert_news_fg_proxy_7d,1441,0.0,69.60769175693088,28.544964683633534,0.5871994197980152,0.9076582829590292,-1.614607673584597,1.5457027119583064
test,finbert_weighted_sentiment_z_7d,1441,0.0,0.5690929426568085,1.0829436371352619,0.6134998001311651,1.029654214498693,-2.907588114660821,3.0459227799779236
test,finbert_weighted_news_fg_proxy_7d,1441,0.0,66.82311080288594,30.272978037999632,0.55850180854062,0.9533476167284456,-1.5399148422829831,1.5972599775986498
test,finbert_sentiment_mean_z_20d,1441,0.0,0.8539738662934597,1.0604243384111685,0.8539738662934601,1.0604243384111687,-2.0287360723438206,3.4820135971522994
test,finbert_news_fg_proxy_20d,1441,0.0,73.2458490672683,27.2141991146489,0.7297540633436629,0.8795613273599504,-1.5826077281124182,1.591394399440903
test,finbert_weighted_sentiment_z_20d,1441,0.0,0.7381519782297864,1.1412463889095392,0.791774794270428,1.0750682828237184,-2.088393555302375,3.3054121411786666
test,finbert_weighted_news_fg_proxy_20d,1441,0.0,69.42247904702623,29.661544734440564,0.6801829617249951,0.9413521610640734,-1.4926417706881578,1.6471198662022746
test,finbert_sentiment_mean_z_60d,1441,0.0,1.1867437363807207,1.1090216737820824,1.1867437363807207,1.1090216737820824,-1.7525036547277086,3.845946646804596
test,finbert_news_fg_proxy_60d,1441,0.0,79.49901885533056,26.060783618588644,0.9174558741777542,0.8149109159036257,-1.4772348022634185,1.5570870071046217
test,finbert_weighted_sentiment_z_60d,1441,0.0,1.0257944487597481,1.186140526574172,1.0959559771890544,1.108614968183275,-1.8847908926665797,3.7201492216646104
test,finbert_weighted_news_fg_proxy_60d,1441,0.0,75.39993227582617,29.224486314618403,0.8834255816633423,0.8955022578591115,-1.387043327513675,1.6357920766099936
test,finbert_sentiment_delta_20d_7d,1441,0.0,-0.001815966082127607,0.09270657764654168,-0.030383990515484134,0.9055995379778091,-2.53981446964759,2.9853722730329326
test,finbert_news_fg_proxy_delta_20d_7d,1441,0.0,3.6381573103374274,20.610403624818332,0.16003568978201876,0.8020976057300239,-3.0435364504459366,2.4581359308847897
test,finbert_sentiment_delta_60d_20d,1441,0.0,-0.0019113345374126105,0.07277079210291656,0.02609691403944957,0.9890557976415699,-2.416727184755809,2.9085089936701185
test,finbert_news_fg_proxy_delta_60d_20d,1441,0.0,6.2531697880622685,20.697489684886083,0.27769562812563753,0.8500989767448858,-2.7231808185185393,2.963590141385762
test,fg_value,1441,0.0,49.20263705759889,22.181336284698105,0.2862898971880256,1.0560293685824786,-1.7705408071238438,2.4666526873311065
test,fg_mean_60,1441,0.0,49.45468424705066,19.25982031021263,0.5603641526521451,1.3498831114402223,-2.071770166570079,3.507238045342751
test,fg_delta_60,1441,0.0,-0.5475364330326162,23.383431469369036,-0.16479270395466317,0.9394154011260668,-3.1157015821426155,2.589063654501299
test,fg_std_60,1441,0.0,10.517467300030095,5.292355380580642,-0.5465679882629186,1.411959794487325,-2.6529415047514937,3.132321822499377
train,finbert_news_count_7d,671,0.0,50.02682563338301,27.249400576915296,-8.471448414427424e-17,1.0000000000000004,-1.652396921770386,4.0358015970370476
train,finbert_unique_source_count_7d,671,0.0,9.397913561847988,3.443985898033236,1.2707172621641136e-16,1.0000000000000022,-2.148067321086515,2.788073680451333
train,finbert_positive_count_7d,671,0.0,10.707898658718332,7.293786847918873,-1.058931051803428e-16,0.9999999999999983,-1.46808494434871,5.24996166459231
train,finbert_negative_count_7d,671,0.0,13.266766020864381,8.463760643819395,4.235724207213712e-17,0.9999999999999906,-1.4493280867792624,4.340060585947668
train,finbert_neutral_count_7d,671,0.0,26.0521609538003,15.147814879656455,-8.471448414427424e-17,0.9999999999999994,-1.5878303996243313,3.6274432637802274
train,finbert_positive_ratio_7d,671,0.0,0.21728288977601537,0.09479262619444975,0.0,1.0000000000000002,-2.292191898242161,3.1778382015134095
train,finbert_negative_ratio_7d,671,0.0,0.2676947214592215,0.10048115495637872,-2.541434524328227e-16,1.000000000000001,-2.320952251591603,3.8430234261794656
train,finbert_neutral_ratio_7d,671,0.0,0.515022388764763,0.09477241411810539,4.0239379968530265e-16,1.0,-2.999323807888823,3.006967944069652
train,finbert_confidence_mean_7d,671,0.0,0.8197592880326747,0.02416681056745938,5.44290560626962e-15,0.9999999999999997,-3.1336486475396486,3.347652816721293
train,finbert_confidence_max_7d,671,0.0,0.9648203363040238,0.008621028415972622,1.0944052420388428e-14,1.0000000000000007,-3.883867989808294,1.3442623242610825
train,finbert_low_confidence_count_7d,671,0.0,1.585692995529061,1.7744765407513092,2.117862103606856e-17,0.9999999999999928,-0.8936116984999319,4.741853054258097
train,finbert_high_confidence_positive_count_7d,671,0.0,5.80327868852459,4.546503018507237,4.235724207213712e-17,1.0000000000000029,-1.2764268856528753,5.761949613766371
train,finbert_high_confidence_negative_count_7d,671,0.0,8.736214605067063,5.69104062065076,8.471448414427424e-17,1.0000000000000016,-1.5350821031511268,6.1963685985605546
train,finbert_sentiment_mean_7d,671,0.0,-0.03183868915555322,0.1403466661762056,-6.353586310820568e-17,1.0,-3.3905710086421514,2.5506535578421095
train,finbert_sentiment_sum_7d,671,0.0,-1.5886005618238017,7.1863493869166035,0.0,1.0,-4.522037831105153,3.945785376960391
train,finbert_sentiment_std_7d,671,0.0,0.5329360230588479,0.06040900706382678,3.3885793657709696e-16,0.999999999999999,-3.206302349465588,2.874114829804708
train,finbert_sentiment_abs_mean_7d,671,0.0,0.4124771866071484,0.0733645074852927,-8.895020835148796e-16,0.9999999999999999,-2.608326164230059,4.044564239605884
train,finbert_confidence_weighted_sentiment_mean_7d,671,0.0,-0.042527258594683294,0.14761026273530709,6.353586310820568e-17,1.0000000000000002,-3.29789438928096,2.6378074291715556
train,finbert_positive_prob_mean_7d,671,0.0,0.23815388600819398,0.07453777887466383,-2.3296483139675417e-16,0.999999999999999,-2.2174810357560366,3.253154120455008
train,finbert_negative_prob_mean_7d,671,0.0,0.26999257513694463,0.08434594454069469,-2.9650069450495986e-16,1.0000000000000002,-2.129759776075189,4.132868908290365
train,finbert_neutral_prob_mean_7d,671,0.0,0.4918535395254453,0.07512024281398015,-1.0377524307673594e-15,1.0000000000000004,-3.3043917147929815,2.9773336239699626
train,finbert_news_count_20d,671,0.0,142.16095380029807,71.10090871817864,-2.117862103606856e-16,1.0000000000000004,-1.3805864871485234,3.8654786718560286
train,finbert_unique_source_count_20d,671,0.0,14.581222056631892,4.025870771192139,0.0,0.9999999999999993,-1.883126033473485,2.339562911647813
train,finbert_positive_count_20d,671,0.0,30.433681073025337,16.94432009022623,-1.2707172621641136e-16,1.0000000000000009,-1.5010151447561424,4.046566552205589
train,finbert_negative_count_20d,671,0.0,37.74068554396423,20.40889315831012,4.235724207213712e-17,1.0000000000000027,-1.4082432261771904,3.1485937996529993
train,finbert_neutral_count_20d,671,0.0,73.9865871833085,39.712095018233214,-1.6942896828854848e-16,0.9999999999999992,-1.434993222018228,3.701980788200484
train,finbert_positive_ratio_20d,671,0.0,0.2188908425296235,0.07144660132380087,-2.9650069450495986e-16,1.0,-2.07571255297909,2.9020087985350735
train,finbert_negative_ratio_20d,671,0.0,0.2674033273764957,0.06922668393777356,2.7532207346889127e-16,0.9999999999999999,-2.3757045917978554,3.3599279843099326
train,finbert_neutral_ratio_20d,671,0.0,0.5137058300938808,0.07149105417822534,-1.281306572682148e-15,1.0000000000000016,-2.725729150642288,2.662931813602559
train,finbert_confidence_mean_20d,671,0.0,0.8200030184555208,0.016932180800354902,8.81030635100452e-15,1.0000000000000002,-2.270366009522785,2.8561120678835095
train,finbert_confidence_max_20d,671,0.0,0.9709013528614009,0.0038401337900354953,-1.6942896828854848e-16,1.0000000000000016,-3.725430842676103,1.4343008446453487
train,finbert_low_confidence_count_20d,671,0.0,4.506706408345752,3.955738690299847,8.471448414427424e-17,0.9999999999999991,-1.1392831430946067,3.6638652667311673
train,finbert_high_confidence_positive_count_20d,671,0.0,16.572280178837556,10.07706847787535,1.588396577705142e-17,1.0000000000000016,-1.6445536928941913,4.210323658543591
train,finbert_high_confidence_negative_count_20d,671,0.0,24.847988077496275,13.00306594500127,-8.471448414427424e-17,0.999999999999999,-1.4495033830649726,4.549081899045768
train,finbert_sentiment_mean_20d,671,0.0,-0.030544234286908938,0.1031562047610372,-8.471448414427424e-17,1.0000000000000002,-2.9610824376969402,2.1274117593873427
train,finbert_sentiment_sum_20d,671,0.0,-4.556182749619824,14.704677854053863,-8.471448414427424e-17,0.9999999999999999,-3.990649815031659,2.7244359112345555
train,finbert_sentiment_std_20d,671,0.0,0.5381066728473225,0.045047429883998236,-9.530379466230852e-16,0.9999999999999994,-2.316659386773227,3.0569469552222404
train,finbert_sentiment_abs_mean_20d,671,0.0,0.41230167950372215,0.05651403360820499,-6.565372521181254e-16,0.9999999999999997,-2.4994329958804666,3.2034547511756357
train,finbert_confidence_weighted_sentiment_mean_20d,671,0.0,-0.041103529439517936,0.10950620352033069,4.235724207213712e-17,1.0,-2.916371207779227,2.1804959124086936
train,finbert_positive_prob_mean_20d,671,0.0,0.23919576879657065,0.05858838945832655,8.471448414427424e-17,1.0000000000000002,-2.210246013771526,2.891205618246528
train,finbert_negative_prob_mean_20d,671,0.0,0.26974000320554065,0.06013675228055582,-2.9650069450495986e-16,0.9999999999999991,-2.4275393765946958,3.6282299424954667
train,finbert_neutral_prob_mean_20d,671,0.0,0.4910642286464832,0.05879501723084213,4.3416173123940547e-16,0.9999999999999997,-2.731443990989974,2.819549075730363
train,finbert_news_count_60d,671,0.0,424.20119225037257,199.93741136554777,0.0,0.9999999999999991,-1.0263271433238723,3.004934412455608
train,finbert_unique_source_count_60d,671,0.0,22.58569299552906,4.45491116203623,-2.117862103606856e-16,1.0000000000000009,-1.9272422464210832,2.5621851007358227
train,finbert_positive_count_60d,671,0.0,90.2876304023845,43.11581961002626,1.058931051803428e-16,1.0000000000000027,-1.328691670958348,3.6114904229120994
train,finbert_negative_count_60d,671,0.0,114.41728763040238,54.59182176545645,-8.471448414427424e-17,1.0000000000000002,-1.2715693557295225,2.5751606710174455
train,finbert_neutral_count_60d,671,0.0,219.4962742175857,111.8423399366805,0.0,0.9999999999999989,-1.2204347145710919,2.9550859358766
train,finbert_positive_ratio_60d,671,0.0,0.21881236201438,0.052955495043180395,-6.353586310820568e-16,0.9999999999999996,-1.968238208255015,3.1180184281074914
train,finbert_negative_ratio_60d,671,0.0,0.27092868214076055,0.05096706008910875,-5.082869048656454e-16,0.9999999999999998,-1.8310356605113505,2.5324458117375497
train,finbert_neutral_ratio_60d,671,0.0,0.5102589558448595,0.05479236243418448,-7.412517362623996e-16,1.0000000000000004,-2.4891257816234647,2.580518333675251
train,finbert_confidence_mean_60d,671,0.0,0.8192573100334476,0.012675930692494708,6.5230152791091166e-15,1.0000000000000002,-1.6541327323939534,2.6951022431335585
train,finbert_confidence_max_60d,671,0.0,0.9738489754545454,0.0018872488704587968,2.071269137327505e-14,0.9999999999999979,-3.937167784733663,1.356622640252064
train,finbert_low_confidence_count_60d,671,0.0,13.545454545454545,9.765839946489628,0.0,1.0000000000000007,-1.2846262701616424,3.0160790690751607
train,finbert_high_confidence_positive_count_60d,671,0.0,48.640834575260804,24.994259881486883,3.176793155410284e-17,0.9999999999999987,-1.585997535563058,3.7352242421824955
train,finbert_high_confidence_negative_count_60d,671,0.0,75.14754098360656,32.56007615972371,-4.235724207213712e-17,1.0000000000000016,-1.3865919957353585,2.728877493422528
train,finbert_sentiment_mean_60d,671,0.0,-0.03437567597158353,0.07584856561680438,8.471448414427424e-17,1.0000000000000002,-2.1204900189652798,2.4264978740356318
train,finbert_sentiment_sum_60d,671,0.0,-15.867679010496982,31.597633453681425,1.2707172621641136e-16,0.9999999999999997,-2.4949572851171236,2.1346307035933574
train,finbert_sentiment_std_60d,671,0.0,0.5421455700280149,0.03620720026698732,-8.471448414427424e-17,0.9999999999999999,-1.6439669215148522,2.922775516642883
train,finbert_sentiment_abs_mean_60d,671,0.0,0.41349999133755155,0.044128524545167094,-6.777158731541939e-16,1.0,-2.051784831929087,2.8992607311466254
train,finbert_confidence_weighted_sentiment_mean_60d,671,0.0,-0.045510385138581896,0.08115266358711015,-4.235724207213712e-17,0.9999999999999992,-2.144474583142174,2.443484581317995
train,finbert_positive_prob_mean_60d,671,0.0,0.23858540439082385,0.044064651575581315,6.777158731541939e-16,0.9999999999999993,-1.962853584631954,3.002941033558772
train,finbert_negative_prob_mean_60d,671,0.0,0.2729610805522715,0.04453204854457337,-9.742165676591538e-16,1.0000000000000007,-1.6581403065400233,2.620591165069764
train,finbert_neutral_prob_mean_60d,671,0.0,0.48845351557813294,0.04578852232929839,-5.082869048656454e-16,1.0000000000000002,-2.5060941075703616,2.470901577370545
train,finbert_sentiment_mean_z_7d,671,0.0,0.0,1.0000000000000002,-4.235724207213712e-17,1.0,-3.3905710086421506,2.5506535578421095
train,finbert_news_fg_proxy_7d,671,0.0,51.140844690058415,31.449021310723843,-1.058931051803428e-16,1.000000000000001,-1.6225457402320074,1.534354963297897
train,finbert_weighted_sentiment_z_7d,671,0.0,-0.0761583422702079,1.0517546783048062,2.117862103606856e-17,1.0000000000000002,-3.297894389280959,2.6378074291715548
train,finbert_weighted_news_fg_proxy_7d,671,0.0,49.08822303744116,31.754396304976193,8.471448414427424e-17,1.0000000000000009,-1.5432479958127359,1.5890872595806425
train,finbert_sentiment_mean_z_20d,671,0.0,-4.235724207213712e-17,0.9999999999999998,0.0,1.0,-2.9610824376969402,2.1274117593873423
train,finbert_news_fg_proxy_20d,671,0.0,50.66678406429865,30.940649921857972,-2.541434524328227e-16,1.0000000000000002,-1.6289108617278445,1.549208756576726
train,finbert_weighted_sentiment_z_20d,671,0.0,-0.10236219117473108,1.0615571188762074,0.0,0.999999999999999,-2.9163712077792234,2.1804959124086913
train,finbert_weighted_news_fg_proxy_20d,671,0.0,47.990247644907036,31.50950936460603,8.471448414427424e-17,1.0,-1.517757341659143,1.6130422354422507
train,finbert_sentiment_mean_z_60d,671,0.0,0.0,1.0,0.0,1.0,-2.120490018965279,2.4264978740356304
train,finbert_news_fg_proxy_60d,671,0.0,50.15885596152884,31.979917203208355,2.541434524328227e-16,1.0000000000000004,-1.5240793475424816,1.5342970468276536
train,finbert_weighted_sentiment_z_60d,671,0.0,-0.14680184228205706,1.0699301025295929,0.0,1.0000000000000002,-2.144474583142176,2.4434845813179957
train,finbert_weighted_news_fg_proxy_60d,671,0.0,46.56956518883885,32.63474330537789,2.117862103606856e-16,0.9999999999999994,-1.4039468436047735,1.6153521043034367
train,finbert_sentiment_delta_20d_7d,671,0.0,0.0012944548686442798,0.10237038973490888,7.94198288852571e-18,0.9999999999999993,-2.8337552442363854,3.5320704962409173
train,finbert_news_fg_proxy_delta_20d_7d,671,0.0,-0.4740606257597669,25.69563040405774,-2.117862103606856e-17,1.0000000000000009,-3.206768026189182,3.493192375331873
train,finbert_sentiment_delta_60d_20d,671,0.0,-0.0038314416846745793,0.07357602298721712,3.706258681311998e-17,1.0000000000000004,-2.6144543956450224,4.521767653999028
train,finbert_news_fg_proxy_delta_60d_20d,671,0.0,-0.5079281027697967,24.347152803475712,-2.117862103606856e-17,0.9999999999999994,-2.897851363958847,3.739706339458205
train,fg_value,671,0.0,43.189269746646794,21.004469141300916,1.2707172621641136e-16,1.0000000000000007,-1.8181497227918768,2.4666526873311065
train,fg_mean_60,671,0.0,41.45953800298062,14.267768925313732,2.3296483139675417e-16,0.9999999999999999,-1.6535781774861604,2.6790310055089583
train,fg_delta_60,671,0.0,3.5543964232488823,24.891471271749985,2.117862103606856e-17,1.0000000000000013,-3.3165735975174013,2.0667964145268565
train,fg_std_60,671,0.0,12.56613189007722,3.7482337678759996,-4.659296627935083e-16,0.9999999999999996,-1.966689022004553,2.8870269588342854
validation,finbert_news_count_7d,287,0.0,52.73867595818815,28.939044474740783,0.0995196322631229,1.0620066446253107,-1.652396921770386,4.219291871837287
validation,finbert_unique_source_count_7d,287,0.0,9.536585365853659,3.119772759111894,0.04026491632409484,0.9058610724548866,-1.8577060857019354,2.788073680451333
validation,finbert_positive_count_7d,287,0.0,10.958188153310104,7.019013068259895,0.034315438579506564,0.9623276926803283,-1.46808494434871,4.8386526885346965
validation,finbert_negative_count_7d,287,0.0,14.181184668989546,9.167542046153265,0.10803928497114504,1.0831523281377053,-1.3311772975399372,4.340060585947668
validation,finbert_neutral_count_7d,287,0.0,27.5993031358885,16.247746545507887,0.10213632754160583,1.072613223398222,-1.5878303996243313,3.8915077530665343
validation,finbert_positive_ratio_7d,287,0.0,0.21167816343691123,0.09393933434971909,-0.05912618485331401,0.9909983309990772,-2.292191898242161,3.6857695679192837
validation,finbert_negative_ratio_7d,287,0.0,0.2700797029229554,0.10536377790360175,0.023735609575439742,1.0485924246127816,-2.249457173244865,3.970614642921336
validation,finbert_neutral_ratio_7d,287,0.0,0.5182421336401333,0.09958234689614515,0.033973439479528605,1.0507524560052424,-2.7964085459983337,2.364697028172799
validation,finbert_confidence_mean_7d,287,0.0,0.8180537898277944,0.024607595133805685,-0.07057191929069616,1.0182392527601394,-3.084783563994809,2.8899268123461304
validation,finbert_confidence_max_7d,287,0.0,0.9650819163066202,0.008204422877292887,0.030342087970829122,0.9516756564787715,-3.128772462233045,1.3442623242610825
validation,finbert_low_confidence_count_7d,287,0.0,1.7247386759581882,1.8148193250516207,0.07835870310816027,1.0227350338952548,-0.8936116984999319,4.178306578982294
validation,finbert_high_confidence_positive_count_7d,287,0.0,5.926829268292683,4.093618478328433,0.0271748592852928,0.9003883779829756,-1.2764268856528753,4.222304754518411
validation,finbert_high_confidence_negative_count_7d,287,0.0,9.195121951219512,6.242228107391604,0.08063680735070443,1.096851792753117,-1.3593673144758613,5.844939021210023
validation,finbert_sentiment_mean_7d,287,0.0,-0.03589801561772265,0.14619065262426767,-0.028923568851097092,1.041639652777537,-3.4485579499156636,2.475836312249581
validation,finbert_sentiment_sum_7d,287,0.0,-2.0569957136958643,7.25154594712523,-0.06517845524249331,1.009072278106505,-4.492104022655533,2.2318429686738983
validation,finbert_sentiment_std_7d,287,0.0,0.5263578258507758,0.05675451846211758,-0.10889431109373693,0.9395042431694343,-2.351802192107042,2.3160502786173276
validation,finbert_sentiment_abs_mean_7d,287,0.0,0.40813857832987943,0.07434063957090306,-0.05913770058551497,1.0133052359931132,-2.095647198568839,3.8828789951093388
validation,finbert_confidence_weighted_sentiment_mean_7d,287,0.0,-0.045127953907777144,0.15364773131518492,-0.017618661906708882,1.0409014147661542,-3.388666047198115,2.544426015740931
validation,finbert_positive_prob_mean_7d,287,0.0,0.2345050883785268,0.07641196747332912,-0.04895232571663704,1.0251441433721382,-2.1889400755427304,3.731922632050577
validation,finbert_negative_prob_mean_7d,287,0.0,0.27040310417696906,0.08891894886187307,0.00486720543898035,1.0542172400354362,-2.397935787310178,4.270259312597361
validation,finbert_neutral_prob_mean_7d,287,0.0,0.49509180794996316,0.07822422551256715,0.04310780028409542,1.0413201899023858,-3.146482010380612,2.3610209322163094
validation,finbert_news_count_20d,287,0.0,151.09059233449477,78.69164547962035,0.1255910605811093,1.1067600526953731,-1.3102638978857277,3.68263993977276
validation,finbert_unique_source_count_20d,287,0.0,14.560975609756097,3.902417247325997,-0.005029085141200203,0.9693349511490695,-1.883126033473485,2.5879563790078897
validation,finbert_positive_count_20d,287,0.0,31.43554006968641,17.585684458645797,0.05912653864695123,1.0378512896949779,-1.4419983181927196,3.9875497256421664
validation,finbert_negative_count_20d,287,0.0,40.73867595818815,22.915798051508155,0.14689627658730697,1.1228339466404267,-1.4082432261771904,3.1975920472425714
validation,finbert_neutral_count_20d,287,0.0,78.91637630662021,43.614960553477395,0.1241382284427016,1.0982790138231755,-1.4098119768700972,3.5005308270154365
validation,finbert_positive_ratio_20d,287,0.0,0.21353841120564235,0.06916829521961283,-0.07491512856886766,0.9681117637231955,-1.9870471509643826,3.0438507893246207
validation,finbert_negative_ratio_20d,287,0.0,0.2693593811589819,0.06900233148036988,0.028255777558902635,0.9967591621519037,-2.175678476004964,3.0785260974590454
validation,finbert_neutral_ratio_20d,287,0.0,0.5171022076353757,0.07345993196875476,0.04750772779245641,1.0275401980452143,-2.6077822598108673,2.6058388989717876
validation,finbert_confidence_mean_20d,287,0.0,0.8182088885989414,0.017102161122232357,-0.10595976252166117,1.0100388912616556,-2.405932663220518,2.9744771246530886
validation,finbert_confidence_max_20d,287,0.0,0.9708465480836238,0.004080150696019113,-0.014271580307804668,1.0625022249501885,-5.179893188361282,1.4343008446453487
validation,finbert_low_confidence_count_20d,287,0.0,4.97212543554007,4.182999025624724,0.11765666633531816,1.0574507956964287,-1.1392831430946067,3.411067982003495
validation,finbert_high_confidence_positive_count_20d,287,0.0,16.83275261324042,9.98883908972422,0.025848036556935294,0.9912445381963179,-1.6445536928941913,4.210323658543591
validation,finbert_high_confidence_negative_count_20d,287,0.0,26.282229965156795,14.405300439127995,0.11030028561932201,1.1078387589555971,-1.4495033830649726,4.549081899045768
validation,finbert_sentiment_mean_20d,287,0.0,-0.03536212952187513,0.099862171184418,-0.046704851599832675,0.9680675187280312,-2.877615023092421,2.150364032586046
validation,finbert_sentiment_sum_20d,287,0.0,-6.036484926191023,14.660666333576266,-0.10066879337741508,0.9970069714607543,-3.9677878104208393,2.402239508169944
validation,finbert_sentiment_std_20d,287,0.0,0.5346026018310096,0.045008404630471774,-0.07778625829123409,0.9991336852373837,-2.57855142202488,2.8806998200690077
validation,finbert_sentiment_abs_mean_20d,287,0.0,0.40919576039030603,0.0573791377121343,-0.05495836901235006,1.0153077748781267,-2.310179506513485,3.014548910796003
validation,finbert_confidence_weighted_sentiment_mean_20d,287,0.0,-0.045125464628876434,0.10637314293209932,-0.036727920976749005,0.9713891954290089,-2.8208014783880797,2.185637002858315
validation,finbert_positive_prob_mean_20d,287,0.0,0.23516061844590813,0.05635396296596997,-0.06887286692754521,0.9618622987760074,-2.1718020895373056,3.001770673372935
validation,finbert_negative_prob_mean_20d,287,0.0,0.27052274810764004,0.06023925712738327,0.013016082053245464,1.0017045291429973,-2.1981275015177038,3.2390213030360435
validation,finbert_neutral_prob_mean_20d,287,0.0,0.4943166337711116,0.06030440440312786,0.05531769999928408,1.025672025341188,-2.749862388892722,2.6519166140322388
validation,finbert_news_count_60d,287,0.0,443.9547038327526,211.35930082638473,0.09879847622046319,1.0571273249104653,-1.0213255781181907,2.939914064781745
validation,finbert_unique_source_count_60d,287,0.0,22.32404181184669,4.427843526808883,-0.058733198971980774,0.993924090909374,-1.9272422464210832,2.3377137333779774
validation,finbert_positive_count_60d,287,0.0,92.07317073170732,43.584731184045225,0.041412649590629826,1.0108756270496584,-1.328691670958348,3.5882970797483886
validation,finbert_negative_count_60d,287,0.0,118.4808362369338,57.64850976431528,0.07443511638042954,1.0559916833695582,-1.2715693557295225,2.5568429089853173
validation,finbert_neutral_count_60d,287,0.0,233.4006968641115,118.37840053742956,0.12432163574544124,1.0584399486317027,-1.2114935568613536,2.964027093586338
validation,finbert_positive_ratio_60d,287,0.0,0.21354953854718164,0.048757871870119894,-0.0993820086642004,0.9207330009919141,-1.9332083623525718,3.0618166973189544
validation,finbert_negative_ratio_60d,287,0.0,0.2672855837873851,0.04892038921582482,-0.07147946824882725,0.9598432621048645,-1.8039171796797135,2.418467712538793
validation,finbert_neutral_ratio_60d,287,0.0,0.5191648776654333,0.05419150502299809,0.1625394749363365,0.989033920340483,-2.3982234832827114,2.5257113702666176
validation,finbert_confidence_mean_60d,287,0.0,0.8191712909581916,0.012763411914972878,-0.006786016533435454,1.0069013648465253,-1.7718091573022359,2.3941943646252986
validation,finbert_confidence_max_60d,287,0.0,0.9737539132752613,0.0017762011462735276,-0.05037077026358569,0.9411589399132768,-3.937167784733663,1.356622640252064
validation,finbert_low_confidence_count_60d,287,0.0,14.369337979094077,10.388087886854038,0.08436380671338775,1.0637167866536754,-1.3870240163339473,3.0160790690751607
validation,finbert_high_confidence_positive_count_60d,287,0.0,48.62369337979094,24.278678138294886,-0.0006858052829385466,0.9713701567245829,-1.585997535563058,3.6952150558836565
validation,finbert_high_confidence_negative_count_60d,287,0.0,76.42160278745645,32.306997875333224,0.03912957075407213,0.9922273435986763,-1.3865919957353585,2.6674525756739027
validation,finbert_sentiment_mean_60d,287,0.0,-0.035209649361794264,0.06924454370393993,-0.010995242737009218,0.9129314857946198,-2.0944919015372707,2.4899327818440096
validation,finbert_sentiment_sum_60d,287,0.0,-17.326328258313847,29.639757257994585,-0.04616324352123018,0.9380372521076028,-2.438957396905121,2.024494470564977
validation,finbert_sentiment_std_60d,287,0.0,0.5364991539471325,0.03536820885254508,-0.15594732647778173,0.9768280505464209,-1.611878423476121,2.909732043994791
validation,finbert_sentiment_abs_mean_60d,287,0.0,0.4059908582766883,0.043168072006124276,-0.17016506076874172,0.9782351087206695,-2.0102606946567816,2.842940583863861
validation,finbert_confidence_weighted_sentiment_mean_60d,287,0.0,-0.04606547080390756,0.07377867341137105,-0.006840017823072924,0.9091343419945326,-2.119912471958077,2.5135280256822763
validation,finbert_positive_prob_mean_60d,287,0.0,0.23400124043936443,0.040306278540430646,-0.10403268351269035,0.9147077555190883,-1.9519285434262317,2.958184068570786
validation,finbert_negative_prob_mean_60d,287,0.0,0.26921088994371256,0.04245045617372739,-0.0842132965162214,0.9532563077855613,-1.6859235872287497,2.4445978313833683
validation,finbert_neutral_prob_mean_60d,287,0.0,0.4967878701683916,0.04537034023370521,0.18201842222206358,0.9908670978157851,-2.468650617336254,2.427270664409196
validation,finbert_sentiment_mean_z_7d,287,0.0,-0.02892356885109712,1.0416396527775373,-0.028923568851097092,1.041639652777537,-3.448557949915663,2.4758363122495806
validation,finbert_news_fg_proxy_7d,287,0.0,49.52077179804793,31.858873287278453,-0.05151425464098804,1.013032264899603,-1.6229400786577548,1.531270666144468
validation,finbert_weighted_sentiment_z_7d,287,0.0,-0.09468885235605964,1.0947729326343945,-0.017618661906708858,1.0409014147661542,-3.388666047198115,2.544426015740931
validation,finbert_weighted_news_fg_proxy_7d,287,0.0,47.84207787746467,32.22480912697761,-0.03924323259079576,1.0148141006203821,-1.543703728761162,1.5860196483845275
validation,finbert_sentiment_mean_z_20d,287,0.0,-0.04670485159983263,0.9680675187280312,-0.04670485159983253,0.9680675187280314,-2.8776150230924205,2.150364032586046
validation,finbert_news_fg_proxy_20d,287,0.0,49.12488838931685,30.051454347752788,-0.0498339782414375,0.9712612509319978,-1.6273467325312831,1.551211288088081
validation,finbert_weighted_sentiment_z_20d,287,0.0,-0.14135097714912173,1.0311851156070952,-0.036727920976748984,0.9713891954290078,-2.8208014783880775,2.1856370028583134
validation,finbert_weighted_news_fg_proxy_20d,287,0.0,46.61912980782833,30.55942351700664,-0.04351441405237681,0.9698476470513816,-1.5165713627041508,1.6134452331123454
validation,finbert_sentiment_mean_z_60d,287,0.0,-0.010995242737009367,0.9129314857946199,-0.010995242737009367,0.9129314857946199,-2.0944919015372703,2.489932781844009
validation,finbert_news_fg_proxy_60d,287,0.0,49.923518883738744,29.900952637830983,-0.007358902035133467,0.9349915588534166,-1.5217466500184726,1.5371628176209096
validation,finbert_weighted_sentiment_z_60d,287,0.0,-0.15412018325280175,0.9727101997433852,-0.006840017823073023,0.9091343419945334,-2.119912471958079,2.513528025682278
validation,finbert_weighted_news_fg_proxy_60d,287,0.0,45.99922313230851,30.304116105057222,-0.01747652957442934,0.9285844788631571,-1.402712982258852,1.6183779713179827
validation,finbert_sentiment_delta_20d_7d,287,0.0,0.000535886095847507,0.10623194266986583,-0.007410040879604983,1.0377213854998166,-2.90218517793476,3.2359530738241085
validation,finbert_news_fg_proxy_delta_20d_7d,287,0.0,-0.3958834087310791,26.660215805285105,0.003042432343529568,1.0375388883658225,-3.0901260646959714,3.2221652735141912
validation,finbert_sentiment_delta_60d_20d,287,0.0,0.0001524801600808616,0.0718096708863293,0.05414701261370975,0.9759928298761853,-2.4676662927953417,4.21184557001356
validation,finbert_news_fg_proxy_delta_60d_20d,287,0.0,0.7986304944219076,24.235182180535535,0.053663712046247286,0.9954010793851759,-2.792795666812831,3.7292133881572096
validation,fg_value,287,0.0,42.637630662020904,18.88017539530992,-0.02626293865914489,0.8988646781929849,-1.6753229757877774,2.4666526873311065
validation,fg_mean_60,287,0.0,40.71260162601626,13.028593696322758,-0.05235130880478143,0.9131486334354317,-1.6477375072475584,2.722251965274614
validation,fg_delta_60,287,0.0,1.9059233449477353,24.341821021202794,-0.06622642190588564,0.9779181292842661,-2.8344807606179154,1.9462732053019849
validation,fg_std_60,287,0.0,12.014761353369455,3.5726270305690573,-0.14710142719305602,0.9531494703420131,-1.9535898455046306,2.818665162218837
