sample_index,Date,gradcam_panel,target_class,context_method,gradcam_target_layer_kind,context_finbert_news_count_7d_normalized,context_finbert_unique_source_count_7d_normalized,context_finbert_positive_count_7d_normalized,context_finbert_negative_count_7d_normalized,context_finbert_neutral_count_7d_normalized,context_finbert_positive_ratio_7d_normalized,context_finbert_negative_ratio_7d_normalized,context_finbert_neutral_ratio_7d_normalized,context_finbert_confidence_mean_7d_normalized,context_finbert_confidence_max_7d_normalized,context_finbert_low_confidence_count_7d_normalized,context_finbert_high_confidence_positive_count_7d_normalized,context_finbert_high_confidence_negative_count_7d_normalized,context_finbert_sentiment_mean_7d_normalized,context_finbert_sentiment_sum_7d_normalized,context_finbert_sentiment_std_7d_normalized,context_finbert_sentiment_abs_mean_7d_normalized,context_finbert_confidence_weighted_sentiment_mean_7d_normalized,context_finbert_positive_prob_mean_7d_normalized,context_finbert_negative_prob_mean_7d_normalized,context_finbert_neutral_prob_mean_7d_normalized,context_finbert_news_count_20d_normalized,context_finbert_unique_source_count_20d_normalized,context_finbert_positive_count_20d_normalized,context_finbert_negative_count_20d_normalized,context_finbert_neutral_count_20d_normalized,context_finbert_positive_ratio_20d_normalized,context_finbert_negative_ratio_20d_normalized,context_finbert_neutral_ratio_20d_normalized,context_finbert_confidence_mean_20d_normalized,context_finbert_confidence_max_20d_normalized,context_finbert_low_confidence_count_20d_normalized,context_finbert_high_confidence_positive_count_20d_normalized,context_finbert_high_confidence_negative_count_20d_normalized,context_finbert_sentiment_mean_20d_normalized,context_finbert_sentiment_sum_20d_normalized,context_finbert_sentiment_std_20d_normalized,context_finbert_sentiment_abs_mean_20d_normalized,context_finbert_confidence_weighted_sentiment_mean_20d_normalized,context_finbert_positive_prob_mean_20d_normalized,context_finbert_negative_prob_mean_20d_normalized,context_finbert_neutral_prob_mean_20d_normalized,context_finbert_news_count_60d_normalized,context_finbert_unique_source_count_60d_normalized,context_finbert_positive_count_60d_normalized,context_finbert_negative_count_60d_normalized,context_finbert_neutral_count_60d_normalized,context_finbert_positive_ratio_60d_normalized,context_finbert_negative_ratio_60d_normalized,context_finbert_neutral_ratio_60d_normalized,context_finbert_confidence_mean_60d_normalized,context_finbert_confidence_max_60d_normalized,context_finbert_low_confidence_count_60d_normalized,context_finbert_high_confidence_positive_count_60d_normalized,context_finbert_high_confidence_negative_count_60d_normalized,context_finbert_sentiment_mean_60d_normalized,context_finbert_sentiment_sum_60d_normalized,context_finbert_sentiment_std_60d_normalized,context_finbert_sentiment_abs_mean_60d_normalized,context_finbert_confidence_weighted_sentiment_mean_60d_normalized,context_finbert_positive_prob_mean_60d_normalized,context_finbert_negative_prob_mean_60d_normalized,context_finbert_neutral_prob_mean_60d_normalized,context_finbert_sentiment_mean_z_7d_normalized,context_finbert_news_fg_proxy_7d_normalized,context_finbert_weighted_sentiment_z_7d_normalized,context_finbert_weighted_news_fg_proxy_7d_normalized,context_finbert_sentiment_mean_z_20d_normalized,context_finbert_news_fg_proxy_20d_normalized,context_finbert_weighted_sentiment_z_20d_normalized,context_finbert_weighted_news_fg_proxy_20d_normalized,context_finbert_sentiment_mean_z_60d_normalized,context_finbert_news_fg_proxy_60d_normalized,context_finbert_weighted_sentiment_z_60d_normalized,context_finbert_weighted_news_fg_proxy_60d_normalized,context_finbert_sentiment_delta_20d_7d_normalized,context_finbert_news_fg_proxy_delta_20d_7d_normalized,context_finbert_sentiment_delta_60d_20d_normalized,context_finbert_news_fg_proxy_delta_60d_20d_normalized,context_fg_value_normalized,context_fg_mean_60_normalized,context_fg_delta_60_normalized,context_fg_std_60_normalized,context_embedding_count,context_embedding_mean,context_embedding_std,context_embedding_min,context_embedding_max,context_embedding_l2,block4_gamma_count,block4_gamma_mean,block4_gamma_std,block4_gamma_min,block4_gamma_max,block4_gamma_l2,block4_delta_gamma_count,block4_delta_gamma_mean,block4_delta_gamma_std,block4_delta_gamma_min,block4_delta_gamma_max,block4_delta_gamma_l2,block4_beta_count,block4_beta_mean,block4_beta_std,block4_beta_min,block4_beta_max,block4_beta_l2,block4_raw_gamma_count,block4_raw_gamma_mean,block4_raw_gamma_std,block4_raw_gamma_min,block4_raw_gamma_max,block4_raw_gamma_l2,block4_raw_beta_count,block4_raw_beta_mean,block4_raw_beta_std,block4_raw_beta_min,block4_raw_beta_max,block4_raw_beta_l2,block4_modulation_gate_count,block4_modulation_gate_mean,block4_modulation_gate_std,block4_modulation_gate_min,block4_modulation_gate_max,block4_modulation_gate_l2,run_seed
1073,2021-04-06T00:00:00,correction,0,film_full_bounded_last_block,post_film,1.8339183330535889,1.3362674713134766,2.645004749298096,-0.0315186157822608,2.0430562496185303,0.8726112246513367,-1.3703536987304688,0.5801014304161072,-1.2418688535690308,-0.9817084074020386,0.7970277070999146,2.682659864425659,-0.6565081477165222,1.424993872642517,2.5609726905822754,-1.4192426204681396,-0.8135567903518677,1.5162835121154783,1.1332085132598877,-1.3696720600128174,0.4134629666805267,2.191801071166992,5.320284366607666,2.512129068374634,0.8456761837005615,2.4177372455596924,0.3649662733078003,-1.1966421604156494,0.7940009832382202,-1.43011212348938,0.6909257173538208,1.135892391204834,1.927913784980774,0.3962151706218719,1.053062081336975,1.8923029899597168,-1.095137119293213,-0.7479913830757141,1.025126814842224,0.5656503438949585,-1.2552945613861084,0.7202787399291992,2.604809284210205,5.704784393310547,4.446450710296631,1.0547864437103271,2.4275577068328857,1.5031553506851196,-1.7446190118789673,0.1700558811426162,-0.965299904346466,-0.1559812575578689,0.6609309315681458,4.255343437194824,0.9168424010276794,2.157544612884521,4.368326187133789,-0.5365644693374634,0.0154473530128598,2.062760829925537,1.7627713680267334,-1.930536866188049,0.1811558008193969,1.424993872642517,1.3797236680984497,1.5162835121154783,1.4591505527496338,1.053062081336975,1.2437655925750732,1.025126814842224,1.2627776861190796,2.157544612884521,1.5172721147537231,2.062760829925537,1.5882644653320312,-0.8924773335456848,-0.1910070180892944,0.7477543354034424,0.4123407006263733,1.514474391937256,2.499138355255127,-0.3838421702384949,-0.1181956529617309,32,0.7596695616375655,1.0741923776023052,0.0,3.461261034011841,7.44255248038468,512,1.000249361502938,0.0013660741416348,0.9980170726776124,1.0024489164352417,22.63308051258036,512,0.0002493615029379,0.0013660741416348,-0.0019829273223876,0.0024489164352416,0.0314214884502722,512,7.916401709651133e-05,0.0014580296238787,-0.0019964522216469,0.0022732832003384,0.0330400373904746,512,0.012512892011955,0.0684593854373808,-0.0994745939970016,0.1230642795562744,1.5747219054598065,512,0.0039747423281824,0.0730679643240613,-0.1001561805605888,0.1141574829816818,1.6557837133404,1,1.0,0.0,1.0,1.0,1.0,42
1386,2022-02-13T00:00:00,correction,0,film_full_bounded_last_block,post_film,2.677973508834839,5.40132474899292,3.878931760787964,1.2681400775909424,2.2411046028137207,1.0527219772338867,-0.7222525477409363,-0.2871881127357483,-0.7680588364601135,0.6770495772361755,1.3605742454528809,4.002355575561523,0.2220657765865326,1.1857966184616089,2.524567127227783,-0.1525693535804748,-0.0057404227554798,1.299678087234497,1.24768328666687,-0.8704990148544312,-0.2606018483638763,3.5560593605041504,6.562252044677734,4.223617076873779,2.7566077709198,3.147993326187134,0.5505791306495667,-0.425105482339859,-0.1385958194732666,-1.222454309463501,0.2173744887113571,2.1470816135406494,3.614912509918213,2.011218786239624,0.7335146069526672,1.521931290626526,-0.1328638643026352,0.0404686853289604,0.7438448071479797,0.7306931018829346,-0.5463622212409973,-0.1692946404218673,2.619813919067383,6.378198146820068,3.1012368202209477,2.6301138401031494,2.204028606414795,0.3299857378005981,0.0240001399070024,-0.3412478268146515,-0.566638171672821,0.6221619844436646,1.480112910270691,2.8550221920013428,2.8824398517608643,0.5110628604888916,0.6338205337524414,0.5008648037910461,0.5344043374061584,0.4240784645080566,0.7172444462776184,-0.1607439815998077,-0.5339081883430481,1.1857966184616089,1.282160401344299,1.299678087234497,1.3818044662475586,0.7335146069526672,0.9887884855270386,0.7438448071479797,1.0098878145217896,0.5110628604888916,0.731077253818512,0.4240784645080566,0.5611390471458435,-0.8865455985069275,-0.3786220252513885,-0.5015655159950256,-0.2962961196899414,0.0385979898273944,-0.9713879227638244,0.499994695186615,-0.5734643936157227,32,0.7406796822324395,0.9102595273214542,0.0,3.66137433052063,6.638502960761981,512,1.000231186975725,0.0013030222110254,0.998117446899414,1.0022586584091189,22.632667366796696,512,0.0002311869757249,0.0013030222110254,-0.0018825531005859,0.0022586584091186,0.0299444973523896,512,7.303447638129512e-05,0.0014022114970749,-0.0018740447703748,0.0020779222249984,0.0317714326406901,512,0.0115965155932826,0.0652842596702492,-0.094408094882965,0.1134162992238998,1.5003383058877306,512,0.0036651110783623,0.0702560666598642,-0.0939779356122016,0.1042723879218101,1.5918750410025262,1,1.0,0.0,1.0,1.0,1.0,42
1154,2021-06-26T00:00:00,correction,0,film_full_bounded_last_block,post_film,3.668821096420288,4.530241012573242,2.23369574546814,6.230473041534424,2.0430562496185303,-0.393310010433197,1.7148019075393677,-1.4247013330459597,0.708311915397644,0.5361615419387817,1.3605742454528809,1.802862882614136,7.602087020874023,-1.261185884475708,-4.138079643249512,1.3708515167236328,1.6770880222320557,-1.340295910835266,-0.3666003346443176,1.7745684385299685,-1.6287497282028198,3.935801267623901,5.817071437835693,3.338364601135254,4.667539596557617,3.2235372066497803,-0.1781709045171737,0.6899442076683044,-0.4900311529636383,-0.0836432427167892,-0.3798703253269195,2.399878740310669,3.019501209259033,5.471940994262695,-0.3365670442581177,-1.563100814819336,0.7967190742492676,0.670423150062561,-0.4174956679344177,0.0751562640070915,0.6505550146102905,-0.7402931451797485,3.0449469089508057,5.704784393310547,3.565103769302368,3.271235704421997,2.4722633361816406,0.3284430801868438,0.249400332570076,-0.5494208931922913,-0.1545686274766922,0.4307987987995147,2.196897029876709,3.0950772762298584,3.89595103263855,0.1063015982508659,-0.3580488860607147,0.6754416227340698,0.5639107823371887,0.0353627689182758,0.3955084085464477,0.2103006094694137,-0.5851479172706604,-1.261185884475708,-1.3898804187774658,-1.340295910835266,-1.3924329280853271,-0.3365670442581177,-0.545794665813446,-0.4174956679344177,-0.7251594066619873,0.1063015982508659,0.1606099903583526,0.0353627689182758,-0.0611744001507759,1.3898965120315552,1.0438793897628784,0.5814639329910278,0.9045631289482116,-1.1040159463882446,-0.6840268969535828,-1.3480278253555298,1.7529542446136477,32,0.9571728082373738,1.287880178865633,0.0,4.895013332366943,9.077118732186324,512,1.000315820099786,0.0012694821364204,0.9980239272117616,1.0025498867034912,22.63458141830157,512,0.0003158200997859,0.0012694821364204,-0.0019760727882385,0.0025498867034912,0.0296006679286323,512,0.0001026084028525,0.0013747284658142,-0.001976701663807,0.0022798697464168,0.0311930809891647,512,0.0158454976302664,0.0636108405873015,-0.0991280600428581,0.1281890124082565,1.4833335578053302,512,0.0051490749068534,0.0688785645539338,-0.099158801138401,0.1144911348819732,1.5628928463692875,1,1.0,0.0,1.0,1.0,1.0,42
1754,2023-02-16T00:00:00,correction,0,film_full_bounded_last_block,post_film,0.5127882957458496,0.4651837944984436,0.1771509647369384,1.7407432794570925,-0.1354757100343704,-0.3141899406909942,1.6899216175079346,-1.4774593114852903,0.7902600765228271,0.1994429975748062,-0.3300652205944061,0.9230657815933228,1.9792137145996092,-0.6945355534553528,-0.9305869936943054,1.8443856239318848,1.7505273818969729,-0.6952092051506042,0.2327518165111541,1.3613524436950684,-1.759490728378296,1.0666396617889404,3.581530332565308,2.039994478225708,1.5316516160964966,0.2521502077579498,1.1095600128173828,0.7094147801399231,-1.795815348625183,-1.3125319480895996,-1.135797142982483,2.399878740310669,2.126384258270264,1.549789309501648,0.4050851762294769,0.4765229523181915,1.4852643013000488,1.4186259508132937,0.3365360498428345,1.3543291091918943,0.6245916485786438,-1.9884148836135864,0.6341925263404846,3.909013271331787,2.7765300273895264,0.8349732756614685,-0.3442012667655945,3.0650806427001958,0.3816669583320617,-3.317347526550293,-0.5675386786460876,0.265245646238327,1.1729196310043335,3.5751874446868896,1.1318296194076538,1.522819995880127,1.91689133644104,2.733875036239624,2.9270107746124268,1.4871761798858645,3.087255954742432,0.4611317813396454,-3.4195032119750977,-0.6945355534553528,-0.9916122555732728,-0.6952092051506042,-1.0233056545257568,0.4050851762294769,0.599463701248169,0.3365360498428345,0.4597102701663971,1.522819995880127,1.416530728340149,1.4871761798858645,1.475702166557312,1.3603816032409668,1.9354665279388428,1.0019115209579468,1.0988036394119265,0.8955584764480591,0.0332073867321014,1.3034827709197998,0.1639421880245208,32,0.7870978731662035,0.956918977222448,0.0,3.169717311859131,7.009061542685935,512,1.0002529791090635,0.0011640304901232,0.998114824295044,1.0023455619812012,22.63315658758124,512,0.0002529791090637,0.0011640304901232,-0.001885175704956,0.0023455619812011,0.0269538548396764,512,8.134155769001783e-05,0.0012074928003974,-0.0018776757642626,0.0021110463421791,0.0273843663383655,512,0.0126843051461946,0.0583031871581578,-0.094540074467659,0.1178207173943519,1.3501105338743842,512,0.0040784422104138,0.0604725652862596,-0.0941610932350158,0.1059469580650329,1.37144638965593,1,1.0,0.0,1.0,1.0,1.0,42
1776,2023-03-10T00:00:00,regression,1,film_full_bounded_last_block,post_film,0.9531649947166444,1.6266287565231323,0.314253956079483,2.6859495639801025,0.0625726580619812,-0.487698882818222,2.0500309467315674,-1.6857144832611084,0.2277757972478866,1.129323959350586,0.2334812581539154,0.2632179856300354,3.912076234817505,-1.4840154647827148,-2.3183069229125977,1.646588921546936,2.1876795291900635,-1.6650971174240112,-0.3526787757873535,2.157646656036377,-2.072688341140747,0.4899943768978119,2.0911693572998047,1.3317924737930298,1.0906673669815063,-0.2514747083187103,1.1273339986801147,1.0339903831481934,-2.127873420715332,0.3967159986495971,1.3217370510101318,-0.3808912932872772,1.530972957611084,1.9343140125274656,-0.0921410396695137,-0.1722252964973449,2.507454633712769,2.31376051902771,-0.2398245930671692,1.0766452550888062,1.2069796323776243,-2.307384967803955,0.9843020439147948,4.133484840393066,3.1708168983459477,1.2379640340805054,-0.0670253708958625,2.7707622051239014,0.4345355927944183,-3.08207368850708,-0.1708877682685852,1.1275802850723269,0.9681241512298584,4.015288352966309,1.807503700256348,1.2919996976852417,1.7525395154953003,2.771409273147583,2.8446145057678223,1.1961005926132202,2.7674100399017334,0.5377842783927917,-3.186248302459717,-1.4840154647827148,-1.470688819885254,-1.6650971174240112,-1.466472029685974,-0.0921410396695137,-0.1700301170349121,-0.2398245930671692,-0.4797430634498596,1.2919996976852417,1.3390783071517944,1.1961005926132202,1.349225401878357,1.9416913986206052,1.5952471494674685,1.4610906839370728,1.9749518632888796,-0.4374911785125732,0.672176718711853,0.2187738716602325,-1.2470703125,32,0.8265280048362911,1.1915843835874598,0.0,4.883852481842041,8.203456609967612,512,1.0002790204016492,0.0012265637240703,0.9980486035346984,1.002414345741272,22.6337475252,512,0.0002790204016491,0.0012265637240703,-0.0019513964653015,0.0024143457412719,0.0284630147439769,512,8.751353834757225e-05,0.0012982829860836,-0.001933412393555,0.0021788047160953,0.0294434548524855,512,0.0139945143969271,0.061447057366377,-0.0978802293539047,0.1213115826249122,1.4259918280279966,512,0.0043894560950548,0.0650340129928372,-0.0969734564423561,0.1093743070960044,1.4748997821650889,1,1.0,0.0,1.0,1.0,1.0,42
1125,2021-05-28T00:00:00,regression,1,film_full_bounded_last_block,post_film,3.3752365112304688,4.820602416992188,4.838652610778809,2.213346481323242,2.505169153213501,1.1252011060714722,-0.4213985204696655,-0.6786591410636902,-0.0715128630399704,1.1415880918502808,1.3605742454528809,2.90260910987854,2.857787609100342,0.6025259494781494,1.262864112854004,0.7292444705963135,0.5619625449180603,0.4983458220958709,0.9177358150482178,-0.1915506273508072,-0.6955444812774658,3.0075430870056152,5.56867790222168,3.397381544113159,3.5895779132843018,2.090381145477295,0.3961023688316345,0.6412906646728516,-1.0168348550796509,-0.3154585361480713,0.97930109500885,2.652676105499268,2.324854612350464,3.8569374084472656,-0.2748018801212311,-1.1159225702285769,0.8075206875801086,0.6590626835823059,-0.3280174732208252,0.1843837946653366,0.6510207056999207,-0.8496131300926208,2.5147809982299805,5.2558417320251465,3.495523691177368,2.0805811882019043,2.13249945640564,0.7773709297180176,-0.4900025427341461,-0.2955169677734375,0.1873597949743271,0.4307987987995147,1.5825105905532837,3.5351784229278564,2.483177900314331,0.7999946475028992,1.2738405466079712,0.3561996519565582,0.1928704679012298,0.7284268140792847,0.8196689486503601,-0.5515133142471313,-0.2524302899837494,0.6025259494781494,0.8204192519187927,0.4983458220958709,0.6904115676879883,-0.2748018801212311,-0.4547787308692932,-0.3280174732208252,-0.6064416766166687,0.7999946475028992,1.0332369804382324,0.7284268140792847,0.9628141522407532,-1.102955937385559,-1.551724195480347,1.2099860906600952,1.935092091560364,-1.05640709400177,0.8859452605247498,-2.19169020652771,2.744245767593384,32,0.7060677104163915,1.0293613937814032,0.0,4.061966419219971,7.061142096177333,512,1.0002479349495843,0.0011639240426303,0.998281478881836,1.002144455909729,22.63304244855568,512,0.0002479349495843,0.0011639240426303,-0.001718521118164,0.002144455909729,0.0269274905833054,512,7.538361402348315e-05,0.0012628376080472,-0.0017372907605022,0.0019226552685722,0.0286256188569542,512,0.0124300706285112,0.0582941969779559,-0.0861393883824348,0.1076338738203048,1.3487003630357877,512,0.0037804771086484,0.0632487366040854,-0.0870840102434158,0.096430554986,1.4337097617234735,1,1.0,0.0,1.0,1.0,1.0,42
1770,2023-03-04T00:00:00,regression,1,film_full_bounded_last_block,post_film,0.5127882957458496,2.4977123737335205,1.685283899307251,0.3229337632656097,-0.0694595873355865,1.4989784955978394,-0.1760998964309692,-1.312590718269348,0.840692937374115,1.129323959350586,0.2334812581539154,2.0228121280670166,1.1006397008895874,0.9079000353813172,1.0722901821136477,2.004215240478516,1.804714918136597,0.7527416944503784,1.573465347290039,-0.1201969534158706,-1.4263064861297607,0.3774782419204712,1.8427759408950808,1.803927183151245,0.3066954314708709,-0.2514747083187103,1.9882807731628416,-0.10181475430727,-1.888454556465149,0.7276403307914734,1.3217370510101318,-0.3808912932872772,2.6225602626800537,0.85764479637146,1.197583556175232,1.37861967086792,2.308725118637085,2.1971709728240967,1.078400492668152,2.1025097370147705,-0.0059117530472576,-2.08907413482666,0.8442582488059998,3.4600706100463867,3.2635903358459477,0.8349732756614685,-0.156436949968338,3.224071979522705,-0.0218607783317565,-3.0956530570983887,-0.1418686062097549,1.1275802850723269,0.8657264113426208,4.255343437194824,1.2239669561386108,1.7925068140029907,2.4086179733276367,2.61334490776062,2.8268351554870605,1.720786690711975,3.2155449390411377,0.1287343055009842,-3.219686269760132,0.9079000353813172,1.1086289882659912,0.7527416944503784,0.9957289099693298,1.197583556175232,1.324439525604248,1.078400492668152,1.299667239189148,1.7925068140029907,1.4741241931915283,1.720786690711975,1.5371713638305664,-0.0379266701638698,0.2379285097122192,0.1688171625137329,0.25314462184906,0.3242514729499817,0.540177583694458,0.82138991355896,-0.5147638916969299,32,0.9535041744820774,1.183059009107848,0.0,5.089383125305176,8.59543847358305,512,1.0003086262149736,0.0011015778199826,0.9979618787765504,1.0026928186416626,22.63441413667993,512,0.0003086262149736,0.0011015778199826,-0.0020381212234497,0.0026928186416625,0.0258856447289212,512,9.816204307178113e-05,0.0010835281560829,-0.0020296273287385,0.0025024223141372,0.0246178503221326,512,0.0154727907105325,0.0551828297565845,-0.1022599190473556,0.1354630440473556,1.2968001386435242,512,0.0049207251109919,0.0542588779020686,-0.1018319055438041,0.1257802546024322,1.2327767664125089,1,1.0,0.0,1.0,1.0,1.0,42
1763,2023-02-25T00:00:00,regression,1,film_full_bounded_last_block,post_film,0.035713605582714,1.3362674713134766,1.273974895477295,0.0866321697831153,-0.5975885391235352,1.844805598258972,0.0678244829177856,-1.917109131813049,-0.0860483646392822,1.2941220998764038,-0.8936116695404053,1.582913517951965,0.2220657765865326,0.6312479972839355,0.6238353252410889,1.779265522956848,1.5714399814605713,0.6312364935874939,1.7052512168884275,0.4565967917442322,-2.204701662063598,0.6165750622749329,2.0911693572998047,1.5088430643081665,0.9436726570129396,-0.02484349347651,1.1502915620803833,0.564064085483551,-1.6957745552062988,0.0155266430228948,1.3217370510101318,0.1247032806277275,2.324854612350464,1.16526460647583,0.5654726028442383,0.6613343358039856,2.027918815612793,1.7842304706573486,0.5458678603172302,1.489956974983215,0.4816052317619324,-1.9773164987564087,0.7242206931114197,3.684541940689087,3.0084633827209477,0.7983377575874329,-0.2547896802425384,3.169281482696533,0.1324670910835266,-3.186253070831299,-0.2719305455684662,1.1275802850723269,0.8657264113426208,4.015288352966309,1.0704047679901123,1.7363871335983276,2.2548089027404785,2.602758407592773,2.8008573055267334,1.7034058570861816,3.202675104141236,0.2115844637155532,-3.287877559661865,0.6312479972839355,0.8523223400115967,0.6312364935874939,0.8605253100395203,0.5654726028442383,0.8058830499649048,0.5458678603172302,0.7682114839553833,1.7363871335983276,1.4644019603729248,1.7034058570861816,1.5335084199905396,-0.2956084012985229,-0.0727812126278877,0.997206211090088,0.8993622660636902,0.4194693267345428,0.3450991809368133,0.8615643382072449,0.0557497888803482,32,0.8907866105437279,1.0854402436655504,0.0,4.44124174118042,7.943160697037848,512,1.0002903542481365,0.0010485871693195,0.9980422258377076,1.002501368522644,22.633999400823967,512,0.0002903542481362,0.0010485871693195,-0.0019577741622924,0.002501368522644,0.0246196346079526,512,9.158878338864918e-05,0.0010288846597238,-0.0019649339374154,0.0023422229569405,0.0233730609871272,512,0.0145529295793949,0.0525181408654381,-0.098203495144844,0.1257278323173523,1.2331304692546006,512,0.0045897578900238,0.0515141614496094,-0.0985646396875381,0.1176510006189346,1.17024982382433,1,1.0,0.0,1.0,1.0,1.0,42
1160,2021-07-02T00:00:00,correction,0,film_full_bounded_last_block,post_film,2.6045775413513184,3.9495186805725098,2.919210910797119,2.9222512245178223,1.6469595432281494,0.4977172017097473,0.4613289535045624,-0.9869410395622252,-0.142386183142662,0.6304078102111816,2.4876670837402344,2.90260910987854,3.2092173099517822,0.1019782572984695,-0.0740419700741767,1.2460825443267822,1.0123114585876465,0.0339995510876178,0.630785346031189,0.3877487182617187,-1.0612635612487793,3.148188352584839,4.575104236602783,3.1613142490386963,4.56954288482666,1.939293622970581,0.1486054509878158,1.3075907230377195,-1.4146878719329834,-0.1268790811300277,-0.1682891547679901,2.399878740310669,3.019501209259033,5.318131446838379,-0.4811654090881347,-1.6858233213424685,1.472725510597229,1.4057166576385498,-0.568932056427002,0.3393520712852478,1.155986785888672,-1.52052640914917,3.104965686798096,5.704784393310547,3.727457046508789,3.6375908851623535,2.3381459712982178,0.4037168622016907,0.5610064268112183,-0.9120226502418518,-0.3140906095504761,0.4307987987995147,2.708885908126831,3.2951231002807617,4.295212745666504,-0.0030657015740871,-0.6423865556716919,0.9558675289154052,0.8723535537719727,-0.0773334056138992,0.4725366830825805,0.4727986752986908,-0.9145711064338684,0.1019782572984695,0.1252969354391098,0.0339995510876178,-0.0348639190196991,-0.4811654090881347,-0.744186282157898,-0.568932056427002,-0.9015793800354004,-0.0030657015740871,-0.0097605176270008,-0.0773334056138992,-0.2405199408531189,-0.6246680021286011,-1.049441933631897,0.6714506149291992,0.9329003095626832,-1.05640709400177,-0.9269987940788268,-1.7497718334197998,1.0977336168289185,32,1.415045453235507,1.4703646052799553,0.0,5.431434631347656,11.5437611994463,512,1.0004975034389645,0.00322067059569,0.9956886172294616,1.004582166671753,22.638791511002164,512,0.0004975034389644,0.00322067059569,-0.0043113827705383,0.0045821666717529,0.0737397933544342,512,0.0001014165029857,0.0035433739817565,-0.0043632150627672,0.0043826741166412,0.0802102341014754,512,0.0252571510359302,0.1628750666641734,-0.2190039306879043,0.2332455962896347,3.729490587451199,512,0.0051627307120725,0.1794084784468954,-0.2217241376638412,0.2227459549903869,4.061230926042272,1,1.0,0.0,1.0,1.0,1.0,43
1087,2021-04-20T00:00:00,correction,0,film_full_bounded_last_block,post_film,2.310992956161499,3.659157276153565,3.467622756958008,1.8588939905166624,1.448911190032959,1.0686609745025637,-0.1100460439920425,-0.9522140622138976,0.973970115184784,0.5223070383071899,1.3605742454528809,5.102101802825928,2.15492844581604,0.8707731366157532,1.6420814990997314,1.359437108039856,1.1178034543991089,0.8325547575950623,1.2157469987869265,-0.374541163444519,-0.7857809066772461,2.051155805587769,3.829923629760742,3.279347896575928,1.1886638402938845,1.6622999906539917,1.1158021688461304,-0.7529690265655518,-0.3859884142875671,0.3509348034858703,0.6092696785926819,0.8830951452255249,4.508029460906982,1.3190743923187256,1.3475679159164429,2.434213399887085,0.5859492421150208,0.604718029499054,1.3319692611694336,1.4157203435897827,-0.9322954416275024,-0.4571740329265594,2.459763765335083,5.480312824249268,4.028970718383789,1.4577771425247192,2.13249945640564,1.310482382774353,-1.1603237390518188,-0.1872333139181137,-0.381276398897171,-0.1559812575578689,0.9681241512298584,4.015288352966309,1.592516541481018,1.685747742652893,3.2122890949249268,0.0871988981962204,0.3164087235927582,1.5860965251922607,1.51350998878479,-1.373600721359253,-0.1206204667687416,0.8707731366157532,1.0794451236724854,0.8325547575950623,1.0738424062728882,1.3475679159164429,1.3899874687194824,1.3319692611694336,1.4358752965927124,1.685747742652893,1.4547040462493896,1.5860965251922607,1.5051887035369873,0.164108857512474,0.3525745570659637,-0.1515228897333145,0.1443371474742889,1.419256567955017,2.223458766937256,-0.9462838172912598,-0.907116949558258,32,1.265247429255396,1.604292735744485,0.0,4.909702777862549,11.558001542411958,512,1.0004156244685871,0.0031569447594787,0.995944321155548,1.004162311553955,22.63693421482505,512,0.0004156244685873,0.0031569447594787,-0.0040556788444519,0.004162311553955,0.0720499166106661,512,7.132562011236132e-05,0.0034437638031647,-0.0041619944386184,0.0041731693781912,0.0779401911451906,512,0.0210538685080337,0.1595502907341277,-0.2056354284286499,0.2112015634775161,3.641507250312584,512,0.003633414798287,0.1742190188887975,-0.2111842483282089,0.2117683440446853,3.9429836091193513,1,1.0,0.0,1.0,1.0,1.0,43
1116,2021-05-19T00:00:00,correction,0,film_full_bounded_last_block,post_film,3.5954248905181885,5.110963344573975,2.7821078300476074,4.221909999847412,2.769233703613281,-0.0825320556759834,0.630828320980072,-0.586277425289154,0.0135047398507595,0.4182057678699493,2.4876670837402344,2.90260910987854,3.560646772384644,-0.4248315989971161,-1.6625733375549316,0.5646018385887146,0.3821814656257629,-0.3732394874095917,-0.1729747951030731,0.5540342926979065,-0.4504429399967193,1.615155816078186,5.320284366607666,1.7449103593826294,1.3356586694717407,1.4608500003814695,0.2039592117071151,-0.2092406898736953,-0.0012190763372927,0.216397151350975,-0.6446788311004639,0.8830951452255249,1.6302082538604736,1.16526460647583,0.2353296875953674,0.200288251042366,0.0945334509015083,-0.1548722237348556,0.2585881948471069,0.0995707884430885,-0.3066681027412414,0.2144456207752227,2.084646463394165,5.704784393310547,2.7533366680145264,1.4394594430923462,1.9626173973083496,0.5608730912208557,-0.8130737543106079,0.214239090681076,0.3935317099094391,-0.3221331536769867,0.7633286714553833,3.0950772762298584,1.7153663635253906,0.9522859454154968,1.509694218635559,0.0125129017978906,-0.1226300373673439,0.8901088833808899,0.7124619483947754,-0.9169830679893494,0.2061815708875656,-0.4248315989971161,-0.673804521560669,-0.3732394874095917,-0.6596326231956482,0.2353296875953674,0.3518735766410827,0.2585881948471069,0.3342776596546173,0.9522859454154968,1.1532849073410034,0.8901088833808899,1.127231478691101,0.8195672631263733,1.2483714818954468,0.65175861120224,1.067671298980713,-0.9611892700195312,1.4010924100875854,-2.23186469078064,1.2072927951812744,32,1.3584611769765615,1.4348279305693574,0.0,6.0366716384887695,11.177331287486457,512,1.000477915047668,0.0032797036301223,0.995691418647766,1.0045093297958374,22.638352617990197,512,0.0004779150476679,0.0032797036301223,-0.0043085813522338,0.0045093297958374,0.0749949841752328,512,9.423443769662754e-05,0.003589909215546,-0.0044103153049945,0.0043838345445692,0.0812583539841698,512,0.024256475432594,0.1659178674541353,-0.2188573777675628,0.2294062972068786,3.7942012406514896,512,0.0047997770298024,0.1818144828371839,-0.2241981774568557,0.2228068858385086,4.115425438856947,1,1.0,0.0,1.0,1.0,1.0,43
1403,2022-03-02T00:00:00,correction,0,film_full_bounded_last_block,post_film,2.0541067123413086,2.2073512077331543,4.29024076461792,1.2681400775909424,0.9207822680473328,1.887736797332764,-0.4108195900917053,-1.452573537826538,-1.4939093589782717,-0.169566348195076,2.4876670837402344,4.002355575561523,1.2763545513153076,1.2642029523849487,2.368508100509644,0.9169575572013856,1.2482388019561768,1.2755544185638428,2.0790252685546875,-0.2662930190563202,-1.7639079093933103,2.065220355987549,3.829923629760742,3.4563982486724854,1.6786463260650637,1.360124945640564,1.2466322183609009,-0.2638921737670898,-0.9903233051300048,-1.5255281925201416,0.10629503428936,2.1470816135406494,3.614912509918213,1.395979404449463,0.8709774613380432,1.4753539562225342,0.7994899153709412,0.854780375957489,0.8894633054733276,1.3662029504776,-0.1630134731531143,-1.1946680545806885,3.0499484539031982,6.153727054595947,4.005777359008789,2.8865625858306885,2.499086856842041,0.6711233258247375,-0.1544642597436905,-0.5049440860748291,-0.9194995164871216,0.6221619844436646,2.196897029876709,3.8552517890930176,3.0974268913269043,0.6813375353813171,1.068395495414734,0.5321758389472961,0.6255435347557068,0.6226792931556702,0.9595860242843628,-0.2109638005495071,-0.7182841897010803,1.2642029523849487,1.318644881248474,1.2755544185638428,1.3711248636245728,0.8709774613380432,1.1126701831817627,0.8894633054733276,1.1535959243774414,0.6813375353813171,0.9212204813957214,0.6226792931556702,0.8363204598426819,-0.8555201888084412,-0.2741070091724396,-0.5187594890594482,-0.2039738148450851,0.4194693267345428,-0.9246625304222108,1.10261070728302,-0.1921124458312988,32,1.127034428762272,1.423169230256883,0.0,4.350726127624512,10.269359881224098,512,1.000371276284568,0.0028053636084114,0.996396780014038,1.0037425756454468,22.63590702768188,512,0.000371276284568,0.0028053636084114,-0.0036032199859619,0.0037425756454467,0.0640316364002937,512,6.485478811413259e-05,0.0030620858897262,-0.0037009580992162,0.0037360002752393,0.0693026333083823,512,0.0187578427005519,0.1414557743851068,-0.18215012550354,0.1893626004457473,3.2287978410037503,512,0.003290102104188,0.1545257421844313,-0.1872045844793319,0.189019426703453,3.4973108586436417,1,1.0,0.0,1.0,1.0,1.0,43
1272,2021-10-22T00:00:00,regression,1,film_full_bounded_last_block,post_film,5.687213897705078,6.85313081741333,10.322772026062012,1.3862909078598022,4.485652923583984,2.133386373519897,-1.4504560232162476,-0.596015214920044,-0.278332382440567,0.0106209712103009,0.7970277070999146,9.940985679626465,1.4520692825317385,2.112396001815796,7.769947052001953,-0.4517978429794311,0.4798576831817627,2.0628974437713623,2.179594039916992,-1.5887620449066162,-0.3788122832775116,3.4998011589050293,5.320284366607666,7.64659309387207,0.6496831774711609,2.6695497035980225,2.6637561321258545,-1.978551268577576,-0.7462160587310791,-0.3923406898975372,-1.4163004159927368,1.8942842483520508,8.477437973022461,0.5500250458717346,2.687076568603516,6.8681640625,-0.5057106018066406,0.614298403263092,2.6540229320526123,2.686485290527344,-1.9919893741607664,-0.6395963430404663,2.029629230499268,4.806898593902588,4.539224147796631,0.5235713124275208,1.622853398323059,2.374936819076538,-1.93535840511322,-0.4950767755508423,-0.583791196346283,-3.4270389080047607,0.8657264113426208,4.975509166717529,0.6404302716255188,2.5683670043945312,4.716354370117188,0.0044175055809319,0.6079659461975098,2.490965843200684,2.4520821571350098,-1.9481884241104128,-0.4650362133979797,2.112396001815796,1.507754683494568,2.0628974437713623,1.5561732053756714,2.687076568603516,1.579535961151123,2.6540229320526123,1.636756181716919,2.5683670043945312,1.5402445793151855,2.490965843200684,1.6174516677856443,-0.1883270442485809,0.0566034764051437,-1.119680881500244,0.0158138610422611,1.514474391937256,1.1441028118133545,-0.3034933805465698,1.9873197078704836,32,2.2324339861806948,2.7017507708092747,0.0,9.030824661254885,19.82581648677149,512,1.0007323026657104,0.0054165938555759,0.9930574893951416,1.0071169137954712,22.64431880885042,512,0.0007323026657104,0.0054165938555759,-0.0069425106048583,0.0071169137954711,0.1236785639046663,512,0.0001277516963043,0.0059036192287054,-0.0070956540293991,0.0071546607650816,0.1336149270577425,512,0.0380818424855533,0.2797762318537087,-0.362172394990921,0.3721202313899994,6.388989193786886,512,0.0067465233619259,0.3058491408076463,-0.3709045946598053,0.3742838203907013,6.922259515884047,1,1.0,0.0,1.0,1.0,1.0,43
1276,2021-10-26T00:00:00,regression,1,film_full_bounded_last_block,post_film,4.476178169250488,5.691686153411865,8.266227722167969,1.1499892473220823,3.4293949604034424,2.062479019165039,-1.333322525024414,-0.649281919002533,-0.7783865928649902,0.6364975571632385,0.2334812581539154,6.641746520996094,1.6277841329574585,1.8362749814987185,5.627243518829346,-0.1571479439735412,0.5614925622940063,1.730827569961548,1.938446283340454,-1.342418909072876,-0.4161314964294433,3.485736608505249,5.071890830993652,7.11544132232666,0.7476796507835388,2.8206372261047363,2.355446577072144,-1.8996416330337524,-0.5145084857940674,-0.5549585223197937,-0.1546177566051483,1.6414870023727417,7.485085487365723,0.85764479637146,2.43182635307312,6.153044700622559,-0.5437261462211609,0.3750551342964172,2.37001895904541,2.354485034942627,-1.87759530544281,-0.4257673621177673,1.8595759868621824,4.582427501678467,4.214517116546631,0.4136647582054138,1.497677206993103,2.320744514465332,-1.938862681388855,-0.4394417405128479,-0.8714616894721985,-1.8764750957489011,0.7633286714553833,4.5754170417785645,0.5790053606033325,2.5253772735595703,4.461582183837891,0.0038351851981133,0.6245049834251404,2.4383187294006348,2.4162356853485107,-1.9104366302490237,-0.467255175113678,1.8362749814987185,1.474798560142517,1.730827569961548,1.5099529027938845,2.43182635307312,1.5696797370910645,2.37001895904541,1.6253868341445925,2.5253772735595703,1.5386146306991575,2.4383187294006348,1.6151107549667358,-0.0669832825660705,0.0850704908370971,-0.8061285018920898,0.026198498904705,1.5620832443237305,1.1405984163284302,0.05807626247406,1.973477840423584,32,1.8373263655230403,2.2828077586226065,0.0,7.480160713195801,16.576590178946862,512,1.0006152181886137,0.0045240569296618,0.9941818118095398,1.0059529542922974,22.641569211616407,512,0.0006152181886136,0.0045240569296618,-0.0058181881904602,0.0059529542922973,0.1033099185726137,512,0.0001077707963172,0.0049369523030146,-0.0059407725930213,0.0060004172846674,0.1117370916232909,512,0.0316067925455172,0.2313294431076967,-0.2995607852935791,0.3069340288639068,5.283019770809932,512,0.0055963171466828,0.2529676502527353,-0.3062685430049896,0.3095425367355346,5.725405036333954,1,1.0,0.0,1.0,1.0,1.0,43
1032,2021-02-24T00:00:00,regression,1,film_full_bounded_last_block,post_film,3.962405443191528,4.239880084991455,4.701549530029297,2.6859495639801025,3.3633787631988525,0.7123680114746094,-0.3965581357479095,-0.2920746207237243,-0.4463508129119873,-0.3494903445243835,0.7970277070999146,4.222304821014404,2.5063581466674805,0.7883182764053345,1.953546404838562,0.4041619300842285,0.3850620090961456,0.7634735107421875,0.8559343218803406,-0.555312991142273,-0.2257853299379348,3.063801050186157,4.575104236602783,5.108869552612305,1.0416691303253174,2.7702746391296387,1.485153317451477,-1.495296835899353,-0.0362943187355995,-0.9217488765716552,-1.3713462352752686,0.630297839641571,5.202675819396973,0.9345497488975524,1.9366912841796875,4.453118801116943,-0.3084573447704315,0.311910480260849,1.8675333261489868,1.731303095817566,-1.635396957397461,-0.0525010116398334,2.284708976745605,3.684541940689087,4.585610866546631,0.596842348575592,2.025205612182617,2.0411269664764404,-2.0419626235961914,-0.0732958018779754,-0.8287375569343567,-1.3193678855895996,0.5585331320762634,4.935499668121338,0.6711427569389343,2.4838650226593018,4.796593189239502,-0.3137933313846588,0.3626450896263122,2.381641149520874,2.2428243160247803,-2.011322498321533,-0.2022550851106643,0.7883182764053345,1.0089954137802124,0.7634735107421875,1.0067216157913208,1.9366912841796875,1.5286283493041992,1.8675333261489868,1.578410506248474,2.4838650226593018,1.536903977394104,2.381641149520874,1.612282395362854,0.8707975149154663,0.605738639831543,-0.1547261178493499,0.07611995190382,1.5620832443237305,3.054002046585083,-0.8257606029510498,-0.5821148157119751,32,1.5343660092912614,1.9324087951468096,0.0,6.090850353240967,13.958203668987366,512,1.0005205238703638,0.0037720375077653,0.9951260089874268,1.0049941539764404,22.63935599878731,512,0.0005205238703638,0.0037720375077653,-0.0048739910125732,0.0049941539764404,0.0861602958126238,512,9.305997432562664e-05,0.0041215862925775,-0.0049945465289056,0.0050073228776454,0.0932846207458879,512,0.0265235165913964,0.1915425501980084,-0.2487048655748367,0.2551033496856689,4.375468806881166,512,0.0047780068075553,0.2095947861094424,-0.2551219761371612,0.2558034062385559,4.743820770351445,1,1.0,0.0,1.0,1.0,1.0,43
1393,2022-02-20T00:00:00,regression,1,film_full_bounded_last_block,post_film,2.0541067123413086,3.3687961101531982,2.23369574546814,1.3862909078598022,1.8450080156326292,0.3949050903320312,-0.3169317245483398,-0.0589668042957782,-0.6728076338768005,0.7527180314064026,0.7970277070999146,2.90260910987854,0.924924910068512,0.5031325817108154,0.7929860949516296,0.4714350998401642,0.3155636787414551,0.5589299201965332,0.6552839875221252,-0.2580985128879547,-0.3604068756103515,3.1200592517852783,6.313858509063721,4.105583190917969,2.26662540435791,2.6695497035980225,0.7814847826957703,-0.5291904211044312,-0.2685697674751282,-0.9709348678588868,0.2173744887113571,0.8830951452255249,4.309558868408203,1.6266942024230957,0.9534797668457032,1.9884936809539795,0.1679349690675735,0.2952521443367004,0.9851595163345336,0.9978839755058287,-0.6633703708648682,-0.3158681988716125,2.77486252784729,6.602669715881348,3.3099770545959477,2.721702814102173,2.356028318405152,0.3622965812683105,-0.0448762625455856,-0.3084076642990112,-0.52299964427948,0.6221619844436646,1.480112910270691,3.2551140785217285,2.9438648223876958,0.5060880184173584,0.6264342069625854,0.4813146293163299,0.5030043721199036,0.446361780166626,0.7125287652015686,-0.1569368690252304,-0.5330727100372314,0.5031325817108154,0.7023434638977051,0.5589299201965332,0.7707646489143372,0.9534797668457032,1.1764761209487915,0.9851595163345336,1.2329519987106323,0.5060880184173584,0.7250089049339294,0.446361780166626,0.5941901206970215,0.2710195481777191,0.5570176839828491,-0.8150929808616638,-0.5427825450897217,-0.7707535624504089,-0.8837778568267822,-0.8659350275993347,-0.2908900678157806,32,1.2529452035669235,1.5397343569231543,0.0,5.249074459075928,11.229466342484375,512,1.0004135264316574,0.0031787622406237,0.9959362745285034,1.004172682762146,22.63688830513516,512,0.0004135264316573,0.0031787622406237,-0.0040637254714965,0.0041726827621459,0.0725332554622536,512,7.058885412458693e-05,0.0034633556568658,-0.0041555962525308,0.0041894284076988,0.0783830681872244,512,0.0209499409004365,0.1606690502448686,-0.2060535699129104,0.211742416024208,3.66630102281902,512,0.0035933770936935,0.1752319734150969,-0.2108498662710189,0.2126184552907943,3.965880522069972,1,1.0,0.0,1.0,1.0,1.0,43
1291,2021-11-10T00:00:00,correction,0,film_full_bounded_last_block,post_film,2.824765682220459,3.659157276153565,6.6209917068481445,0.4410845339298248,1.6469595432281494,2.6086843013763428,-1.3319557905197144,-1.197052836418152,-0.4076953530311584,-0.1546029299497604,-0.3300652205944061,7.301594257354736,0.0463509932160377,2.4303410053253174,5.68627405166626,-0.5704771280288696,0.8593161702156067,2.421861410140991,2.898265838623047,-1.4827028512954712,-1.210996150970459,2.6278011798858643,5.320284366607666,5.285920143127441,0.7966778874397278,2.0400185585021973,2.041395902633667,-1.4917598962783811,-0.5956159234046936,-0.6844199299812317,-0.1546177566051483,0.3775005638599396,5.599616527557373,1.0883595943450928,2.1202874183654785,4.520076751708984,0.0050297230482101,0.6699692010879517,2.0196564197540283,2.208508253097534,-1.4854121208190918,-0.6814366579055786,2.2747058868408203,6.378198146820068,5.397377967834473,0.5785245895385742,1.7033238410949707,2.807086706161499,-2.056835174560547,-0.7997432351112366,-0.8057646751403809,-1.8764750957489011,1.0705219507217407,6.015748023986816,0.6404302716255188,2.871906042098999,5.60560941696167,-0.02647116035223,0.8204567432403564,2.7910244464874268,2.876906633377075,-2.044820785522461,-0.7798861265182495,2.4303410053253174,1.5291601419448853,2.421861410140991,1.580973982810974,2.1202874183654785,1.5485687255859375,2.0196564197540283,1.5980064868927002,2.871906042098999,1.5485316514968872,2.7910244464874268,1.6267887353897097,-1.1953600645065308,-0.0068830358795821,-0.0121078370139002,0.066052421927452,1.514474391937256,1.276102066040039,1.6248779296875,1.913175702095032,32,1.6350636255228892,1.7197555470183297,0.0,6.344812393188477,13.423552079545406,512,1.000331082032062,0.0040978237093002,0.994763731956482,1.0052498579025269,22.63509844708782,512,0.0003310820320621,0.0040978237093002,-0.005236268043518,0.0052498579025268,0.0930253112104564,512,8.621015864385129e-05,0.0043840809979019,-0.0051716328598558,0.0053540770895779,0.0992196068046068,512,0.0169730489340054,0.2086333809826586,-0.2680540680885315,0.2687849700450897,4.736430902039016,512,0.0044074823597384,0.2234378207470753,-0.2645878195762634,0.2743887901306152,5.056804272281875,1,1.0,0.0,1.0,1.0,1.0,44
1296,2021-11-15T00:00:00,correction,0,film_full_bounded_last_block,post_film,3.301840543746948,3.078434944152832,6.209682464599609,1.2681400775909424,2.2411046028137207,1.927545666694641,-0.9580518007278442,-0.9121953845024108,0.1849745661020279,0.5236061811447144,-0.3300652205944061,7.301594257354736,0.924924910068512,1.7683074474334717,4.435608386993408,0.2381755709648132,0.7656994462013245,1.7342348098754885,2.1293609142303467,-1.0606107711791992,-0.9219833612442015,2.557478427886963,4.575104236602783,4.872802257537842,0.9926708936691284,1.9896560907363887,1.817785382270813,-1.2768340110778809,-0.5802628993988037,-0.2454064488410949,-0.4080568552017212,0.1247032806277275,5.5003814697265625,1.0883595943450928,1.9321709871292116,4.028517246246338,0.1589548736810684,0.6404818296432495,1.855106830596924,2.0587403774261475,-1.3086363077163696,-0.7130051851272583,2.5247840881347656,5.929255485534668,5.6988911628723145,0.8532910346984863,1.900029301643372,2.697866678237915,-1.9154342412948608,-0.8257138133049011,-0.5652065873146057,-1.8764750957489011,0.9681241512298584,6.335821151733398,0.947554886341095,2.7507078647613525,5.625632762908936,0.0789093971252441,0.8191215991973877,2.656407117843628,2.775075674057007,-1.9391541481018064,-0.7846558094024658,1.7683074474334717,1.4636492729187012,1.7342348098754885,1.5105998516082764,1.9321709871292116,1.528042912483215,1.855106830596924,1.5765255689620972,2.7507078647613525,1.5458046197891235,2.656407117843628,1.6233203411102295,-0.477292537689209,0.0485804714262485,0.12669637799263,0.0885549783706665,1.371647596359253,1.4641716480255127,0.620517909526825,1.7454028129577637,32,1.4654673654586077,1.530314804043556,0.0,5.578135013580322,11.985935756476,512,1.000297867343761,0.003702511135617,0.9952928423881532,1.004746437072754,22.63431201482844,512,0.000297867343761,0.003702511135617,-0.0047071576118469,0.0047464370727539,0.0840489416702558,512,7.751558637991707e-05,0.0039611422540166,-0.0046711913309991,0.004825955722481,0.0896475777186212,512,0.0151990399851911,0.1878657577047766,-0.239854022860527,0.2419324964284896,4.264806151754634,512,0.003947416181063,0.2011581380168005,-0.2379511147737503,0.2461516857147216,4.552565368609774,1,1.0,0.0,1.0,1.0,1.0,44
1732,2023-01-25T00:00:00,correction,0,film_full_bounded_last_block,post_film,1.210051417350769,2.2073512077331543,4.427343845367432,0.7955369353294373,-0.3995401859283447,3.173130750656128,-0.2660286426544189,-2.891754388809204,0.7572713494300842,0.6706002354621887,0.2334812581539154,5.981898784637451,0.924924910068512,1.8759584426879885,2.8941822052001958,2.395007610321045,2.891543388366699,1.8540747165679927,3.2105982303619385,-0.2842299938201904,-2.8665671348571777,0.6306395530700684,2.0911693572998047,3.869516134262085,0.4536901712417602,-0.7550995945930481,4.1216535568237305,-0.2320843338966369,-3.894357442855835,0.3257635831832886,-0.0780579224228859,0.3775005638599396,5.202675819396973,0.7038349509239197,2.288367986679077,2.9233901500701904,2.845457077026367,3.466752767562866,2.275902509689331,3.997424602508545,-0.0308743119239807,-3.951797246932984,0.2890844941139221,2.786656379699707,2.359049797058105,0.7067489624023438,-0.7376121878623962,3.390165328979492,0.9123285412788392,-4.125147819519043,-0.0180612076073884,0.265245646238327,0.7633286714553833,3.0950772762298584,1.1011171340942385,1.191514253616333,1.3564047813415527,3.5197994709014893,3.6521172523498535,1.183427095413208,3.138188362121582,1.0758213996887207,-4.06633996963501,1.8759584426879885,1.48067307472229,1.8540747165679927,1.5307793617248535,2.288367986679077,1.5615332126617432,2.275902509689331,1.6198630332946775,1.191514253616333,1.2943603992462158,1.183427095413208,1.342070698738098,-0.2659476399421692,0.0680712312459945,-1.9800567626953125,-0.284276008605957,0.3718603849411011,-0.6735137104988098,1.0222619771957395,-0.866065502166748,32,1.500709061510861,1.6300810620630113,0.0,5.332942962646484,12.533847876782016,512,1.0003308192826807,0.0036681514730502,0.9952854514122008,1.004848837852478,22.635054762714805,512,0.0003308192826807,0.0036681514730502,-0.004714548587799,0.004848837852478,0.0833376603525769,512,9.397738420235946e-05,0.003890469088657,-0.0046182344667613,0.0048938458785414,0.088056945876013,512,0.0168848518180766,0.1860893022344127,-0.2402461916208267,0.2473683953285217,4.228017884662813,512,0.0047866227781696,0.1974761920471028,-0.2351523339748382,0.2497592121362686,4.469688600978697,1,1.0,0.0,1.0,1.0,1.0,44
1289,2021-11-08T00:00:00,correction,0,film_full_bounded_last_block,post_film,2.0541067123413086,3.659157276153565,3.467622756958008,0.3229337632656097,1.8450080156326292,1.2906041145324707,-1.161922574043274,-0.0589668042957782,-0.73404860496521,-0.1546029299497604,0.7970277070999146,3.3425076007843018,0.0463509932160377,1.6021230220794678,3.068049907684326,-0.6074032187461853,-0.0577911548316478,1.617248773574829,1.636211395263672,-1.219893455505371,-0.253813236951828,3.0075430870056152,6.313858509063721,5.758054733276367,0.9436726570129396,2.442918539047241,1.9687391519546509,-1.5498498678207395,-0.4667542278766632,-0.8652251362800598,-0.1546177566051483,0.3775005638599396,5.202675819396973,1.395979404449463,2.018296241760254,4.610883712768555,-0.0775757879018783,0.5444591045379639,1.8895397186279297,1.998245358467102,-1.5153096914291382,-0.4413329660892486,2.144665241241455,6.378198146820068,4.747964382171631,0.6151601076126099,1.7033238410949707,2.398728609085083,-1.911497473716736,-0.5402659773826599,-0.8538396954536438,-1.8764750957489011,0.9681241512298584,5.215564250946045,0.7632801532745361,2.552333354949951,4.800302505493164,0.0504957549273967,0.6852352023124695,2.475903987884521,2.5040767192840576,-1.8694301843643188,-0.5916704535484314,1.6021230220794678,1.4295685291290283,1.617248773574829,1.485702395439148,2.018296241760254,1.5383678674697876,1.8895397186279297,1.5816344022750854,2.552333354949951,1.5396528244018557,2.475903987884521,1.616808295249939,-0.1626725494861602,0.102724440395832,-0.1985558718442917,0.0673535987734794,1.514474391937256,1.180315017700195,1.06243634223938,1.920972466468811,32,1.2720438614487648,1.3156355977773495,0.0,4.984051704406738,10.352186414996126,512,1.0002603296888992,0.0032266606491141,0.9958802461624146,1.004131555557251,22.63342534628827,512,0.0002603296888992,0.0032266606491141,-0.0041197538375854,0.0041315555572509,0.0732482393756296,512,6.828720077933781e-05,0.0034501380668323,-0.0040684691630303,0.004218254238367,0.0780830026373343,512,0.0132175392507178,0.1631320102347884,-0.2089778631925583,0.2095967233180999,3.703352417314445,512,0.0034621972795321,0.174539838835044,-0.2063012272119522,0.2141263633966446,3.9501626271698695,1,1.0,0.0,1.0,1.0,1.0,44
1272,2021-10-22T00:00:00,regression,1,film_full_bounded_last_block,post_film,5.687213897705078,6.85313081741333,10.322772026062012,1.3862909078598022,4.485652923583984,2.133386373519897,-1.4504560232162476,-0.596015214920044,-0.278332382440567,0.0106209712103009,0.7970277070999146,9.940985679626465,1.4520692825317385,2.112396001815796,7.769947052001953,-0.4517978429794311,0.4798576831817627,2.0628974437713623,2.179594039916992,-1.5887620449066162,-0.3788122832775116,3.4998011589050293,5.320284366607666,7.64659309387207,0.6496831774711609,2.6695497035980225,2.6637561321258545,-1.978551268577576,-0.7462160587310791,-0.3923406898975372,-1.4163004159927368,1.8942842483520508,8.477437973022461,0.5500250458717346,2.687076568603516,6.8681640625,-0.5057106018066406,0.614298403263092,2.6540229320526123,2.686485290527344,-1.9919893741607664,-0.6395963430404663,2.029629230499268,4.806898593902588,4.539224147796631,0.5235713124275208,1.622853398323059,2.374936819076538,-1.93535840511322,-0.4950767755508423,-0.583791196346283,-3.4270389080047607,0.8657264113426208,4.975509166717529,0.6404302716255188,2.5683670043945312,4.716354370117188,0.0044175055809319,0.6079659461975098,2.490965843200684,2.4520821571350098,-1.9481884241104128,-0.4650362133979797,2.112396001815796,1.507754683494568,2.0628974437713623,1.5561732053756714,2.687076568603516,1.579535961151123,2.6540229320526123,1.636756181716919,2.5683670043945312,1.5402445793151855,2.490965843200684,1.6174516677856443,-0.1883270442485809,0.0566034764051437,-1.119680881500244,0.0158138610422611,1.514474391937256,1.1441028118133545,-0.3034933805465698,1.9873197078704836,32,1.8921910342760384,2.103313114973453,0.0,6.902743816375732,16.004312388667202,512,1.0003850256325677,0.0047792851189342,0.993977189064026,1.0060644149780271,22.63638745539964,512,0.0003850256325677,0.0047792851189342,-0.0060228109359741,0.0060644149780273,0.108493240456398,512,9.736421427675168e-05,0.0050915517568275,-0.0059762578457593,0.0061533544212579,0.1152297274592359,512,0.0199130139110366,0.244930949364365,-0.3107732534408569,0.3130638301372528,5.560440757415706,512,0.0050231444042765,0.2612802318260575,-0.3082155883312225,0.3179672360420227,5.913189229144092,1,1.0,0.0,1.0,1.0,1.0,44
1274,2021-10-24T00:00:00,regression,1,film_full_bounded_last_block,post_film,5.100045204162598,5.691686153411865,8.540433883666992,1.3862909078598022,4.287604331970215,1.7824223041534424,-1.3477113246917725,-0.3539100289344787,-0.2795223295688629,0.6364975571632385,0.2334812581539154,7.521543502807617,1.8034988641738887,1.835435152053833,6.158475875854492,-0.3173604905605316,0.321838229894638,1.7493953704833984,1.8192592859268188,-1.4463489055633545,-0.1811746209859848,3.851414203643799,5.320284366607666,7.941677093505859,0.8456761837005615,3.0724496841430664,2.4877848625183105,-1.9528855085372925,-0.5952070951461792,-0.4042037725448608,-0.1546177566051483,1.8942842483520508,8.675908088684082,0.85764479637146,2.589054107666016,7.0014328956604,-0.4849696159362793,0.536186158657074,2.5391392707824707,2.548070907592773,-1.958696365356445,-0.5357210636138916,1.9295978546142576,4.806898593902588,4.237710475921631,0.4503002762794494,1.5960299968719482,2.2325289249420166,-1.948783040046692,-0.3449555933475494,-0.6903288960456848,-1.8764750957489011,0.7633286714553833,4.655435562133789,0.5790053606033325,2.5189905166625977,4.518801689147949,-0.0494206771254539,0.5391149520874023,2.433075428009033,2.3597302436828613,-1.9554709196090696,-0.3690785467624664,1.835435152053833,1.474669337272644,1.7493953704833984,1.513426423072815,2.589054107666016,1.576324701309204,2.5391392707824707,1.632952094078064,2.5189905166625977,1.5383604764938354,2.433075428009033,1.614863038063049,0.092602863907814,0.0932299643754959,-1.033151626586914,0.0174201168119907,1.419256567955017,1.138262152671814,-0.1427957564592361,1.9664422273635864,32,1.7276144567877054,1.878743997049957,0.0,6.620790481567383,14.438094852441582,512,1.000355597352609,0.0043278411545447,0.9945186376571656,1.0055235624313354,22.63567507935741,512,0.000355597352609,0.0043278411545447,-0.0054813623428344,0.0055235624313354,0.0982578707814837,512,9.167875246873793e-05,0.0046144368529752,-0.0054301600903272,0.005607477389276,0.1044333922720141,512,0.0182833728499645,0.2207957960649928,-0.2812567353248596,0.2835416495800018,5.013138081557829,512,0.0047033882656251,0.2356732207765138,-0.2784911394119262,0.288087785243988,5.333738116218733,1,1.0,0.0,1.0,1.0,1.0,44
2402,2024-11-25T00:00:00,regression,1,film_full_bounded_last_block,post_film,3.008255958557129,3.9495186805725098,7.0323004722595215,0.3229337632656097,1.8450080156326292,2.6628029346466064,-1.457811713218689,-1.117745876312256,-1.044134497642517,0.4772010445594787,1.9241206645965576,6.421797275543213,-0.3050785958766937,2.4056668281555176,5.837831974029541,-0.4273871779441833,0.9562809467315674,2.447511911392212,2.789267301559448,-1.537969946861267,-1.040788173675537,2.163671970367432,6.313858509063721,6.171172142028809,-0.2322852909564972,1.360124945640564,3.3198254108428955,-2.252264976501465,-1.1368330717086792,-1.4816950559616089,-0.5122355222702026,1.3886897563934326,5.698851585388184,-0.6804540157318115,3.169217348098755,6.275875091552734,-1.24761700630188,0.6585038900375366,3.158999443054199,3.2354016304016118,-2.2842514514923096,-0.8876519203186035,1.0093098878860474,5.031370162963867,3.820230484008789,-0.0809148252010345,0.371091365814209,3.560270309448242,-1.8680659532547,-1.7032674551010132,-0.68016117811203,0.7723541855812073,0.5585331320762634,4.175325393676758,-0.1888061016798019,3.1869001388549805,4.610040187835693,0.4288271069526672,1.466348648071289,3.1067609786987305,3.567814588546753,-1.897673726081848,-1.5878915786743164,2.4056668281555176,1.5279338359832764,2.447511911392212,1.5821386575698853,3.169217348098755,1.5887455940246582,3.158999443054199,1.6458511352539062,3.1869001388549805,1.553189396858215,3.1067609786987305,1.631906032562256,-0.1045504435896873,0.0429955683648586,-1.1580216884613037,0.0211132261902093,1.8477368354797363,1.902221918106079,1.1427851915359497,0.5956783890724182,32,1.6981393699534235,1.820940341538786,0.0,6.3759355545043945,14.08488670566201,512,1.000346208922565,0.0041645091922166,0.9946016669273376,1.0053832530975342,22.63544695806537,512,0.0003462089225649,0.0041645091922166,-0.0053983330726623,0.0053832530975341,0.0945571503600953,512,9.206780245207824e-05,0.004447439973244,-0.0052648354321718,0.0054902229458093,0.1006556396009638,512,0.0177690988289214,0.2121646519106914,-0.2767727673053741,0.2759640514850616,4.8175455536519145,512,0.0047092697329844,0.2268031469734814,-0.2695883810520172,0.2817361354827881,5.133075538663758,1,1.0,0.0,1.0,1.0,1.0,44
2403,2024-11-26T00:00:00,regression,1,film_full_bounded_last_block,post_film,3.338538646697998,5.40132474899292,7.169403553009033,0.7955369353294373,2.10907244682312,2.421344757080078,-1.2524811029434204,-1.0939351320266724,-1.0948240756988523,0.5803093910217285,1.9241206645965576,6.201848030090332,0.5734953880310059,2.017169952392578,5.150999069213867,0.008284973911941,0.8884031176567078,1.979177713394165,2.412396192550659,-1.2245807647705078,-1.01871657371521,2.4168334007263184,7.059038639068604,6.643306732177734,-0.0852905437350273,1.5363937616348269,3.310488700866699,-2.2065718173980717,-1.171748399734497,-1.4305388927459717,-0.280759185552597,1.3886897563934326,6.195027828216553,-0.4497391581535339,3.082369089126587,6.447367668151856,-1.0143954753875732,0.7275781035423279,3.051703929901123,3.196713924407959,-2.1729671955108643,-0.962924063205719,1.1143428087234497,5.2558417320251465,3.913003921508789,0.0289917476475238,0.4694440960884094,3.427345037460327,-1.7980172634124756,-1.6399567127227783,-0.7177993059158325,0.7723541855812073,0.4561354219913482,4.175325393676758,-0.0352438054978847,3.055100679397583,4.543147087097168,0.4757260680198669,1.4260156154632568,2.9574270248413086,3.4305226802825928,-1.8090393543243408,-1.5419704914093018,2.017169952392578,1.498304009437561,1.979177713394165,1.5472601652145386,3.082369089126587,1.587666392326355,3.051703929901123,1.6446372270584106,3.055100679397583,1.5515871047973633,2.9574270248413086,1.6299079656600952,0.340551882982254,0.0779601708054542,-1.1721277236938477,0.0203800164163112,1.7049100399017334,1.923248291015625,0.58034348487854,0.6024330854415894,32,1.6440928801894188,1.8005182285242118,0.0,6.418756484985352,13.79264417281908,512,1.0003353324718771,0.0040789064763168,0.994741141796112,1.0052530765533447,22.63519287333925,512,0.0003353324718773,0.0040789064763168,-0.0052588582038879,0.0052530765533447,0.0926064904071422,512,8.873189189451125e-05,0.0043521611207221,-0.0051399278454482,0.0053503727540373,0.0984986296448577,512,0.0171880569514542,0.2076307988279991,-0.2692676782608032,0.2689585983753204,4.714218991195082,512,0.004534838476502,0.2217491122658929,-0.2628897130489349,0.2741892635822296,5.018658742928075,1,1.0,0.0,1.0,1.0,1.0,44
1076,2021-04-09T00:00:00,correction,0,film_full_bounded_last_block,post_film,1.6137299537658691,1.9169899225234983,2.096592903137207,0.0866321697831153,1.8450080156326292,0.6257116794586182,-1.1818987131118774,0.6272468566894531,0.4586357772350311,0.814156174659729,-0.3300652205944061,2.682659864425659,0.2220657765865326,1.273851752281189,2.143113613128662,-0.4933147728443146,-0.3943249881267547,1.2738416194915771,0.9817354083061218,-1.252039670944214,0.4316824376583099,1.9808332920074463,4.575104236602783,2.276061773300171,0.3066954314708709,2.4177372455596924,0.3488677144050598,-1.616808533668518,1.2169477939605713,-0.317328006029129,0.2442225217819214,0.1247032806277275,2.126384258270264,0.3962151706218719,1.258885145187378,2.2212698459625244,-1.2482129335403442,-0.9448389410972596,1.2038038969039917,0.6127552390098572,-1.562463402748108,0.9875179529190063,2.8148748874664307,5.929255485534668,4.631997585296631,1.164692997932434,2.677910089492798,1.4164212942123413,-1.7773088216781616,0.2842898070812225,-0.7494871020317078,-0.1559812575578689,0.6609309315681458,4.495398998260498,1.1011171340942385,2.141684532165528,4.502578258514404,-0.557694673538208,-0.029553173109889,2.0443220138549805,1.7073004245758057,-1.9584119319915767,0.2616485059261322,1.273851752281189,1.3228094577789309,1.2738416194915771,1.3703488111495972,1.258885145187378,1.3532695770263672,1.2038038969039917,1.3745635747909546,2.141684532165528,1.5159610509872437,2.0443220138549805,1.5863268375396729,-0.4778630435466766,0.0105066988617181,0.4428328573703766,0.2714596092700958,1.2764297723770142,2.454749345779419,-0.6650630235671997,-0.1349643915891647,32,0.7762594979722053,1.3285035833991223,0.0,4.887548446655273,8.704023123675844,512,1.0001528298016638,0.001728835784055,0.9976378083229064,1.0024783611297607,22.630908951668808,512,0.0001528298016637,0.001728835784055,-0.0023621916770935,0.0024783611297607,0.0392716414178348,512,-2.5982527282586432e-05,0.0018144551483149,-0.00233886227943,0.0023762222845107,0.0410606424622034,512,0.0076813402163224,0.0867250539600795,-0.1186622306704521,0.1245605647563934,1.9700461521526769,512,-0.0012984370094955,0.0910264987662247,-0.1174806207418441,0.1193749457597732,2.0599040805698285,1,1.0,0.0,1.0,1.0,1.0,45
1069,2021-04-02T00:00:00,correction,0,film_full_bounded_last_block,post_film,2.0908045768737797,1.9169899225234983,1.8223868608474727,-0.0315186157822608,2.901265859603882,0.07401604950428,-1.4549931287765503,1.4686048030853271,-0.8813682198524475,0.7492057085037231,0.7970277070999146,1.3629642724990845,-0.4807933568954468,1.049873113632202,1.9408884048461916,-1.870004653930664,-1.3845621347427368,1.039838790893555,0.3112330734729767,-1.471885323524475,1.3438314199447632,2.3605751991271973,4.823497772216797,2.807213306427002,1.139665603637695,2.442918539047241,0.4579932391643524,-1.0202587842941284,0.5302351713180542,-1.1112990379333496,0.6909257173538208,1.135892391204834,2.126384258270264,0.7807398438453674,1.02226722240448,1.8890563249588013,-0.7401677370071411,-0.5121891498565674,0.97012060880661,0.6296383738517761,-1.1401299238204956,0.5387227535247803,2.679832696914673,5.2558417320251465,4.608804225921631,1.0914219617843628,2.4812045097351074,1.552800178527832,-1.7595419883728027,0.1359564960002899,-0.913697063922882,-0.1559812575578689,0.8657264113426208,4.415380477905273,1.0089797973632812,2.1934757232666016,4.512494087219238,-0.4552452266216278,0.1047074049711227,2.0922679901123047,1.8069273233413696,-1.94804322719574,0.1556882709264755,1.049873113632202,1.2066196203231812,1.039838790893555,1.2393254041671753,1.02226722240448,1.2240413427352903,0.97012060880661,1.221234679222107,2.1934757232666016,1.5200966596603394,2.0922679901123047,1.5912153720855713,-0.4092293977737427,-0.0028942606877535,0.8279703855514526,0.4411165118217468,1.4668654203414917,2.5248372554779053,-0.2633189558982849,-0.1275989413261413,32,0.8144079249468632,1.4176425470617338,0.0,5.653508186340332,9.248516697427211,512,1.0001675871899351,0.0017127831671206,0.9976008534431458,1.0025780200958252,22.63124224780547,512,0.0001675871899351,0.0017127831671206,-0.0023991465568542,0.0025780200958251,0.0389409342675121,512,-1.9280865584114792e-05,0.0017899846775905,-0.0023591904900968,0.0024217988830059,0.0405050793316938,512,0.0084232686510858,0.0859167757901883,-0.1205378919839859,0.1296222656965255,1.9533954116559,512,-0.0009616434572308,0.0897920866434971,-0.118511252105236,0.1216870471835136,2.031879502812421,1,1.0,0.0,1.0,1.0,1.0,45
2414,2024-12-07T00:00:00,correction,0,film_full_bounded_last_block,post_film,2.0541067123413086,5.40132474899292,4.0160346031188965,0.2047829627990722,1.6469595432281494,1.688692569732666,-1.2558104991912842,-0.3575968146324157,-0.9229519367218018,0.8531700968742371,1.9241206645965576,4.222304821014404,0.0463509932160377,1.8737993240356443,3.630457878112793,-0.2527830004692077,0.4666513502597809,1.8658456802368164,2.046657085418701,-1.309229850769043,-0.5607680678367615,2.5434138774871826,5.071890830993652,6.230189323425293,0.551686704158783,1.611937403678894,2.829550743103028,-1.6713286638259888,-1.2093995809555054,-1.3456823825836182,0.3318080008029938,1.6414870023727417,6.095792770385742,0.3193102180957794,2.555325508117676,5.429050922393799,0.0163166150450706,1.0847917795181274,2.5442452430725098,2.8861193656921387,-1.571494698524475,-1.268619418144226,1.2943991422653198,5.704784393310547,4.446450710296631,-0.154185876250267,0.6750907301902771,3.6648128032684326,-2.270702362060547,-1.4297785758972168,-1.1177399158477783,0.7723541855812073,0.6609309315681458,4.655435562133789,-0.2809434831142425,3.420360803604126,5.3668389320373535,-0.1262239813804626,1.1939547061920166,3.336787462234497,3.621236085891724,-2.242451429367065,-1.3039852380752563,1.8737993240356443,1.4803646802902222,1.8658456802368164,1.53251314163208,2.555325508117676,1.5750676393508911,2.5442452430725098,1.6331413984298706,3.420360803604126,1.555173635482788,3.336787462234497,1.6339716911315918,0.0060190735384821,0.0847457572817802,-0.0566517412662506,0.0411016382277011,1.514474391937256,2.2783610820770264,0.901738703250885,-0.2275575697422027,32,0.8891385812312365,1.4049116510312365,0.0,5.294623374938965,9.405265187265629,512,1.0001801502658054,0.0018162114161264,0.9974470734596252,1.0026825666427612,22.631530646072843,512,0.0001801502658054,0.0018162114161264,-0.0025529265403747,0.0026825666427612,0.0412978443685003,512,-1.8573090765139355e-05,0.001892120505223,-0.0025091092102229,0.0025640330277383,0.0428158622777231,512,0.0090616395581264,0.0911428481634801,-0.1283452808856964,0.1349385380744934,2.0724950244597187,512,-0.0009251379640318,0.0949526050574027,-0.1261199414730072,0.128911018371582,2.1486341663412767,1,1.0,0.0,1.0,1.0,1.0,45
1089,2021-04-22T00:00:00,correction,0,film_full_bounded_last_block,post_film,2.2375969886779785,4.239880084991455,1.9594898223876955,2.449647903442383,1.7129757404327393,0.0837864279747009,0.3842669427394867,-0.4912180602550506,0.5806083083152771,0.9346221089363098,1.9241206645965576,2.90260910987854,2.5063581466674805,0.0921978056430816,-0.070855475962162,0.8343462944030762,0.4794899225234985,0.0594196878373622,0.2492409646511078,0.0668462887406349,-0.3223642408847809,1.9245752096176147,4.3267107009887695,3.043280601501465,1.2866604328155518,1.486031174659729,1.0499584674835205,-0.5491039752960205,-0.5175937414169312,0.5566792488098145,0.6092696785926819,1.135892391204834,4.210323810577393,1.395979404449463,1.231865406036377,2.141369104385376,0.7250138521194458,0.6432225704193115,1.1896768808364868,1.332950234413147,-0.8144627809524536,-0.4952164888381958,2.4197511672973637,5.704784393310547,3.727457046508789,1.5127304792404177,2.150381803512573,1.088071346282959,-1.0588864088058472,-0.0666338577866554,-0.2362977862358093,-0.1559812575578689,1.0705219507217407,3.89526104927063,1.5618040561676023,1.5800986289978027,2.958346366882324,0.0316403582692146,0.2041562348604202,1.4971275329589844,1.3666688203811646,-1.3389555215835571,-0.0130022671073675,0.0921978056430816,0.1098930239677429,0.0594196878373622,0.007200548890978,1.231865406036377,1.340928316116333,1.1896768808364868,1.3669102191925049,1.5800986289978027,1.4312735795974731,1.4971275329589844,1.4789295196533203,1.1149210929870603,1.4801414012908936,-0.0982159897685051,0.1759062111377716,1.038385272026062,2.17206072807312,-1.1873302459716797,-1.0572935342788696,32,0.6856885030865669,1.2953979237218272,0.0,5.326536178588867,8.291150953247284,512,1.000141050782986,0.0014658871000234,0.9979647994041444,1.0021120309829712,22.630632920591907,512,0.0001410507829859,0.0014658871000234,-0.0020352005958557,0.0021120309829711,0.0333224368925619,512,-1.5936733788635138e-05,0.0015320043485605,-0.0020217015407979,0.0020217222627252,0.034667176801524,512,0.0070801756821765,0.0734671590794472,-0.1021129265427589,0.1059993356466293,1.6700738916761713,512,-0.0007950609442559,0.0767826420815175,-0.1014315038919448,0.101432554423809,1.7374859994903091,1,1.0,0.0,1.0,1.0,1.0,45
1021,2021-02-13T00:00:00,regression,1,film_full_bounded_last_block,post_film,2.7146716117858887,4.239880084991455,4.701549530029297,-0.6222725510597229,2.967282056808472,1.536198973655701,-2.022056579589844,0.6073313355445862,-1.0509603023529053,0.0945204719901084,-0.3300652205944061,4.222304821014404,-0.4807933568954468,2.211920022964477,5.028229713439941,-1.4802085161209106,-0.0902416557073593,2.1385529041290283,1.8850388526916504,-2.014666795730591,0.3916703462600708,1.966768741607666,3.581530332565308,3.51541519165039,-0.183287039399147,2.115562438964844,1.4032591581344604,-2.121088981628418,0.6515200734138489,-0.9172798991203308,-1.3713462352752686,0.3775005638599396,3.5156772136688232,-0.1421194076538086,2.1302332878112797,3.93829083442688,-1.1012420654296875,-0.2622935175895691,2.0559892654418945,1.657074213027954,-2.039708614349365,0.4350053071975708,1.8345681428909304,3.4600706100463867,3.889810562133789,-0.0442792996764183,1.801676630973816,2.0273070335388184,-2.5376343727111816,0.4011273980140686,-0.7434818744659424,-1.111038088798523,0.2513399124145508,4.095306873321533,0.0261811129748821,2.674586296081543,4.7200236320495605,-0.8808642625808716,-0.0737904161214828,2.549406051635742,2.193075656890869,-2.385392665863037,0.2094258964061737,2.211920022964477,1.5159310102462769,2.1385529041290283,1.5630178451538086,2.1302332878112797,1.5494598150253296,2.0559892654418945,1.6018513441085815,2.674586296081543,1.543724536895752,2.549406051635742,1.619762897491455,-0.8858891725540161,0.0103810131549835,-0.2294664829969406,0.0586060881614685,2.3238258361816406,3.056338310241699,-0.102621354162693,-0.6253145337104797,32,0.8502676312928088,1.3053777034411285,0.0,4.537680149078369,8.81265634135909,512,1.000169203383848,0.0018203898518435,0.9974669814109802,1.002634882926941,22.63128311870424,512,0.000169203383848,0.0018203898518435,-0.0025330185890197,0.0026348829269409,0.0413682714997127,512,-2.447350078593757e-05,0.0019030008783574,-0.002495432505384,0.0025403629988431,0.0430635551618549,512,0.0085094709158966,0.0913521057363921,-0.1273343116044998,0.1325114220380783,2.0760107366494096,512,-0.0012218248341469,0.0955022814633361,-0.1254252195358276,0.1277079284191131,2.1611467913497537,1,1.0,0.0,1.0,1.0,1.0,45
1086,2021-04-19T00:00:00,regression,1,film_full_bounded_last_block,post_film,2.017408609390259,3.3687961101531982,3.056313753128052,1.9770448207855225,1.052814483642578,1.0233161449432373,0.1793327778577804,-1.2136695384979248,0.8416701555252075,0.976762056350708,1.9241206645965576,4.222304821014404,2.3306431770324707,0.6721732020378113,1.1342270374298096,1.6153936386108398,1.3023587465286257,0.6178808212280273,1.151283621788025,-0.1010498777031898,-1.0288968086242676,1.9808332920074463,3.0847432613372803,3.2203309535980225,0.8456761837005615,1.737843632698059,1.140187382698059,-1.0553306341171265,-0.1175738275051117,0.1597044318914413,0.6092696785926819,1.135892391204834,4.111088275909424,0.9345497488975524,1.484596848487854,2.669375419616699,0.1596363633871078,0.2704020142555237,1.464838624000549,1.3998494148254397,-1.1828117370605469,-0.1851255744695663,2.4547622203826904,5.2558417320251465,3.982583999633789,1.384506106376648,2.1772053241729736,1.2751544713974,-1.2415549755096436,-0.0775295421481132,-0.3742972016334533,-0.1559812575578689,0.9681241512298584,3.9752793312072754,1.4696667194366455,1.7300090789794922,3.306546688079834,-0.0215282123535871,0.2230257838964462,1.6398098468780518,1.497512698173523,-1.4648175239562988,-0.0165118258446455,0.6721732020378113,0.8960385322570801,0.6178808212280273,0.8444617390632629,1.484596848487854,1.4366052150726318,1.464838624000549,1.4859168529510498,1.7300090789794922,1.4632306098937988,1.6398098468780518,1.5189719200134275,0.5744640827178955,0.6331802010536194,-0.2980138957500458,0.0962943881750106,1.4668654203414917,2.246821403503418,-0.8257606029510498,-0.8152175545692444,32,0.6836561496602371,1.1941248268254785,0.0,4.441338062286377,7.783715992782345,512,1.0001358159352094,0.0014928468393784,0.9979349374771118,1.0021414756774902,22.63051537196918,512,0.0001358159352093,0.0014928468393784,-0.0020650625228881,0.0021414756774902,0.0339187747257866,512,-2.068183706072091e-05,0.0015588692775433,-0.0020288010127842,0.0020588729530572,0.035276289421941,512,0.0068173208171629,0.0748245658372372,-0.1036212965846061,0.1074884384870529,1.7000994253624837,512,-0.0010332569922297,0.078135878696105,-0.1017901599407196,0.1033096238970756,1.7681676893687737,1,1.0,0.0,1.0,1.0,1.0,45
1317,2021-12-06T00:00:00,regression,1,film_full_bounded_last_block,post_film,2.457785129547119,3.078434944152832,3.056313753128052,2.0951955318450928,1.7789918184280396,0.6832640171051025,-0.0272434819489717,-0.6545252203941345,-1.4797420501708984,0.8837186694145203,3.614760160446167,1.1430150270462036,1.9792137145996092,0.5617671012878418,0.9863149523735046,0.0300249010324478,0.0150475660338997,0.4488350450992584,0.8844333291053772,-0.1531601548194885,-0.7056055068969727,2.6840591430664062,4.823497772216797,3.102297306060791,2.658611297607422,2.115562438964844,0.4249104261398315,0.1281723827123642,-0.5487589240074158,-1.0146912336349487,0.4003889560699463,2.1470816135406494,1.431737780570984,3.0109829902648926,0.2530063688755035,0.2091836631298065,0.2857299149036407,0.2722536921501159,0.0869027003645896,0.5260471701622009,0.078505739569664,-0.6044957041740417,3.159982919692993,6.153727054595947,5.9540181159973145,1.640954852104187,2.552733898162842,2.0731770992279053,-1.5254335403442385,-0.5847395062446594,-0.775481641292572,-0.7471592426300049,1.5825105905532837,5.735683441162109,1.93035352230072,2.195899486541748,4.919669628143311,-0.0371435061097145,0.4376375675201416,2.051957607269287,2.1997880935668945,-1.56343412399292,-0.5964371562004089,0.5617671012878418,0.7734270095825195,0.4488350450992584,0.6214510798454285,0.2530063688755035,0.3788008987903595,0.0869027003645896,0.0477401614189147,2.195899486541748,1.5202802419662476,2.051957607269287,1.5871381759643557,-0.5152169466018677,-0.4904793798923492,1.909000277519226,1.5154991149902344,-1.2944515943527222,1.391747236251831,-2.55325984954834,1.8366584777832031,32,0.7988301813602448,1.3134083878775815,0.0,6.163910865783691,8.696061181016113,512,1.0001783823827282,0.0014227346057637,0.997810125350952,1.0023304224014282,22.63147622734449,512,0.0001783823827281,0.0014227346057637,-0.0021898746490478,0.0023304224014282,0.0324448600682383,512,-2.544549431604537e-06,0.0014552867552549,-0.0021147921215742,0.0021527241915464,0.0329294305986791,512,0.0089526706050406,0.0713005287761531,-0.1099343672394752,0.1170506924390792,1.626015020206565,512,-0.000123790010889,0.0729243340857317,-0.1061363592743873,0.1080548018217086,1.6500916940633563,1,1.0,0.0,1.0,1.0,1.0,45
2378,2024-11-01T00:00:00,regression,1,film_full_bounded_last_block,post_film,0.035713605582714,0.1748225688934326,1.273974895477295,-1.213026523590088,0.128588780760765,1.844805598258972,-2.0787100791931152,0.35872483253479,-0.2181894779205322,-0.1741829663515091,-0.3300652205944061,2.0228121280670166,-1.3593673706054688,2.548161745071411,2.5331015586853027,-1.6933311223983765,-0.0936643108725547,2.531483888626098,2.321784496307373,-2.188194513320923,0.1531500518321991,-0.1569734364748001,1.3459889888763428,1.5088430643081665,-0.673269510269165,-0.578830897808075,2.9195241928100586,-1.2162538766860962,-1.7399778366088867,0.4262139201164245,1.1471598148345947,-0.6336885690689087,2.324854612350464,-0.8342638611793518,2.593392848968506,2.421039581298828,0.9842106103897096,1.8246970176696775,2.554121494293213,3.1128318309783936,-1.4159188270568848,-1.6536612510681152,0.5841768383979797,1.4398282766342163,2.196696519851685,0.3770292401313782,0.0134450495243072,2.325480461120605,-0.4196983277797699,-1.8571234941482544,-0.1629755944013595,0.7723541855812073,0.0465444289147853,3.015058994293213,0.3640181720256805,1.8418461084365845,2.305517196655273,1.680120587348938,1.9142917394638064,1.8085399866104128,2.6863036155700684,-0.4789887070655823,-2.119323492050171,2.548161745071411,1.5342594385147097,2.531483888626098,1.585545539855957,2.593392848968506,1.5764803886413574,2.554121494293213,1.6335017681121826,1.8418461084365845,1.481859564781189,1.8085399866104128,1.5538347959518433,-0.8801513910293579,0.0204848852008581,-1.7372939586639404,-0.0569915808737278,1.514474391937256,0.7609549164772034,1.82574999332428,0.9849113821983336,32,0.5395595890004188,0.7448379732760093,0.0,2.635662317276001,5.202793577350426,512,1.0001378131564709,0.000826969800648,0.9986681938171388,1.0015243291854858,22.63054308986956,512,0.0001378131564706,0.000826969800648,-0.0013318061828613,0.0015243291854858,0.0189702455663459,512,1.676970937358746e-05,0.0008344878581524,-0.0014400323852896,0.0013666964368894,0.018886117091155,512,0.0069005487710001,0.0413836816450278,-0.0666902735829353,0.07636159658432,0.9493345353862568,512,0.0008401930449508,0.041756080704715,-0.0721264332532882,0.0684414878487587,0.9450234994368064,1,1.0,0.0,1.0,1.0,1.0,45
1285,2021-11-04T00:00:00,correction,0,film_full_bounded_last_block,post_film,1.797220230102539,4.820602416992188,3.056313753128052,-0.1496694087982177,1.8450080156326292,1.2242560386657717,-1.457811713218689,0.3211077451705932,-0.9294965267181396,-0.8688796758651733,1.3605742454528809,3.122558355331421,-0.1293637901544571,1.689838409423828,3.0496325492858887,-0.6497930884361267,0.0083799520507454,1.7022589445114136,1.5433870553970337,-1.4478768110275269,0.094273991882801,3.4435431957244877,6.562252044677734,6.466256618499756,0.9926708936691284,2.896180868148804,1.9996229410171509,-1.6977922916412354,-0.3543623387813568,-0.649278461933136,-0.1546177566051483,0.8830951452255249,6.393498420715332,1.4728842973709106,2.178734064102173,5.4209818840026855,-0.1767852306365966,0.5241420269012451,2.070847749710083,2.0804073810577397,-1.7104719877243042,-0.3235900998115539,2.2096855640411377,5.929255485534668,4.655190944671631,0.6884312033653259,1.81955885887146,2.2134690284729004,-1.8719748258590696,-0.397980660200119,-0.6909176707267761,-1.8764750957489011,0.9681241512298584,5.13554573059082,1.0089797973632812,2.406658172607422,4.562978744506836,0.1387210041284561,0.6568412184715271,2.3107693195343018,2.316584825515747,-1.8068348169326784,-0.472115010023117,1.689838409423828,1.4488681554794312,1.7022589445114136,1.5043529272079468,2.178734064102173,1.5535659790039062,2.070847749710083,1.6033427715301514,2.406658172607422,1.5333247184753418,2.3107693195343018,1.608236312866211,-0.1212581470608711,0.0974039286375045,-0.5736702680587769,0.0397276617586612,1.419256567955017,1.131253361701965,-0.1427957564592361,1.950113534927368,32,0.9989776676520704,1.6436707777192152,0.0,5.591982364654541,10.880602933287344,512,1.000492697698064,0.0016370401577125,0.9973930716514589,1.0030843019485474,22.63859577889904,512,0.0004926976980641,0.0016370401577125,-0.0026069283485412,0.0030843019485473,0.0386832983058113,512,0.0001604725754686,0.001865714535415,-0.0025852997787296,0.0030169135425239,0.0423721700373007,512,0.0247756884182308,0.0821509861184707,-0.1310935765504837,0.1554571092128753,1.9415615003134008,512,0.0080771038993816,0.0936333583744646,-0.12999227643013,0.1520056873559951,2.1265493290388897,1,1.0,0.0,1.0,1.0,1.0,46
2413,2024-12-06T00:00:00,correction,0,film_full_bounded_last_block,post_film,1.6871260404586792,5.110963344573975,4.153137683868408,-0.2678202092647552,1.1848467588424685,2.213257074356079,-1.5237821340560913,-0.5981598496437073,-1.0992488861083984,0.8531700968742371,1.3605742454528809,4.002355575561523,-0.1293637901544571,2.136685848236084,3.801687240600586,-0.5017797350883484,0.532505214214325,2.113221883773804,2.401993751525879,-1.4326409101486206,-0.7747820615768433,2.346510648727417,5.320284366607666,5.99412202835083,0.4046919345855713,1.435668706893921,2.915374755859375,-1.7122879028320312,-1.255508303642273,-1.3115696907043457,0.3318080008029938,1.6414870023727417,5.798087120056152,0.242405280470848,2.617307186126709,5.341523170471191,-0.0699920356273651,1.046474814414978,2.595118284225464,2.9362287521362305,-1.62899649143219,-1.2597386837005615,1.2843959331512451,5.704784393310547,4.492837429046631,-0.1908213943243026,0.6572083830833435,3.7431697845458975,-2.3193821907043457,-1.460227608680725,-1.110012412071228,0.7723541855812073,0.6609309315681458,4.655435562133789,-0.2809434831142425,3.463648557662964,5.423357009887695,-0.15891033411026,1.192435383796692,3.366683959960937,3.6640684604644775,-2.2737979888916016,-1.31471848487854,2.136685848236084,1.509898662567139,2.113221883773804,1.5608431100845337,2.617307186126709,1.577315092086792,2.595118284225464,1.6349204778671265,3.463648557662964,1.555450439453125,3.366683959960937,1.6341731548309326,-0.2919325232505798,0.0513051748275756,-0.0989275723695755,0.0386091396212577,1.371647596359253,2.247989654541016,0.7410411238670349,-0.1136599034070968,32,1.0853059450164435,1.8079393840808025,0.0,6.818731784820557,11.92849872974601,512,1.0005605403566733,0.0016581142104631,0.9972552061080932,1.0032918453216553,22.64013166617909,512,0.0005605403566733,0.0016581142104631,-0.0027447938919067,0.0032918453216552,0.0396047559254753,512,0.000191307924636,0.001897209537053,-0.0026816260069608,0.0032988335005939,0.0431466500177129,512,0.0281927180067214,0.0832357646031752,-0.1381126195192337,0.166103184223175,1.988513814669899,512,0.0096310857212529,0.0952331220296748,-0.1348935812711715,0.1664623767137527,2.16587117252361,1,1.0,0.0,1.0,1.0,1.0,46
1300,2021-11-19T00:00:00,correction,0,film_full_bounded_last_block,post_film,3.301840543746948,4.530241012573242,3.330519676208496,3.0404019355773926,2.6372015476226807,0.3451440334320068,0.108246237039566,-0.4599842429161072,0.4011659920215606,0.7540357708930969,1.3605742454528809,3.3425076007843018,3.2092173099517822,0.1970703452825546,0.1396157145500183,0.8377223610877991,0.5405747890472412,0.140733540058136,0.4211349487304687,0.0442498847842216,-0.4675538837909698,3.049736738204956,5.071890830993652,5.403953552246094,1.6296480894088743,2.317012310028076,1.6927610635757446,-1.005851149559021,-0.7177162170410156,-0.1453297734260559,0.1092532575130462,0.8830951452255249,5.996557235717773,1.4728842973709106,1.7063450813293457,3.8614931106567374,0.2949546575546264,0.606843113899231,1.641802191734314,1.890434741973877,-1.085235834121704,-0.773789644241333,2.9599204063415527,6.378198146820068,6.255531311035156,1.3478705883026123,2.2219109535217285,2.559098958969116,-1.685192584991455,-0.9057655334472656,-0.4637783467769623,-1.3395559787750244,1.2753174304962158,6.895949840545654,1.5618040561676023,2.519507884979248,5.541575908660889,0.3186653852462768,0.8858529329299927,2.4170875549316406,2.618485689163208,-1.700312614440918,-0.8662489056587219,0.1970703452825546,0.2730470895767212,0.140733540058136,0.1416668742895126,1.7063450813293457,1.4913421869277954,1.641802191734314,1.5356286764144895,2.519507884979248,1.5383812189102173,2.4170875549316406,1.6140905618667605,1.449265956878662,1.4615726470947266,0.2049714028835296,0.1254441887140274,-0.4374911785125732,1.4758529663085938,-0.7855861783027649,1.7981088161468506,32,0.9600356412120165,1.403259459903912,0.0,4.154022216796875,9.61799237963048,512,1.0004553630715236,0.0015447783300637,0.997618854045868,1.0029520988464355,22.637747674125965,512,0.0004553630715236,0.0015447783300637,-0.002381145954132,0.0029520988464355,0.0364413522713179,512,0.0001495051477427,0.0017498230338208,-0.0024155154824256,0.0028515451122075,0.0397382310717582,512,0.0228859097060194,0.0774885950995483,-0.1196248233318328,0.1486933380365371,1.8282402970041431,512,0.007521609820742,0.0877762841901244,-0.1213682144880294,0.1435553282499313,1.9934292935609077,1,1.0,0.0,1.0,1.0,1.0,46
1267,2021-10-17T00:00:00,correction,0,film_full_bounded_last_block,post_film,2.7513697147369385,5.110963344573975,5.387064456939697,0.6773861050605774,1.97704017162323,1.927545666694641,-1.1514071226119995,-0.7071930170059204,-0.3715947270393371,0.074496179819107,0.7970277070999146,5.76194953918457,0.397780567407608,1.852451205253601,4.1894612312316895,-0.0967382788658142,0.5284336805343628,1.8268879652023315,2.068572759628296,-1.254340410232544,-0.644144594669342,2.177736520767212,4.823497772216797,5.403953552246094,0.1107024475932121,1.5363937616348269,2.685692071914673,-1.917225956916809,-0.8275213837623596,-0.844636082649231,-1.4163004159927368,2.1470816135406494,6.393498420715332,-0.1421194076538086,2.6666295528411865,5.248882293701172,-0.3287495672702789,0.7538180351257324,2.68129563331604,2.782658338546753,-1.8632186651229856,-0.8671406507492065,1.53447425365448,3.684541940689087,3.402750253677368,0.3770292401313782,1.247324824333191,1.990370273590088,-1.692272663116455,-0.3495174050331116,-0.5066422820091248,-2.8821187019348145,0.9681241512298584,3.8552517890930176,0.4561555385589599,2.2150328159332275,3.593693733215332,0.1335764527320861,0.5074045658111572,2.1468594074249268,2.0891809463500977,-1.705469250679016,-0.3518564403057098,1.852451205253601,1.477246880531311,1.8268879652023315,1.5266152620315552,2.6666295528411865,1.5789165496826172,2.68129563331604,1.637532114982605,2.2150328159332275,1.5216987133026123,2.1468594074249268,1.5962202548980713,0.1474453657865524,0.0931962504982948,-1.4552611112594604,-0.00775882974267,1.7049100399017334,1.1195720434188845,0.0982506647706031,1.8984438180923464,32,0.993330419412814,1.5535083252290287,0.0,4.97800350189209,10.43086717574218,512,1.0005000174278391,0.0015773399070133,0.9974034428596495,1.003064513206482,22.63875923525042,512,0.0005000174278393,0.0015773399070133,-0.0025965571403503,0.0030645132064819,0.0374414947421285,512,0.0001664200009223,0.0017934882930021,-0.0025011152029037,0.003028720151633,0.0407563429101233,512,0.025134782544228,0.0791419662669753,-0.1305638998746872,0.154441550374031,1.878921647246667,512,0.0083730125363672,0.0899857345849635,-0.1257138550281524,0.1526098251342773,2.0449401852077704,1,1.0,0.0,1.0,1.0,1.0,46
1026,2021-02-18T00:00:00,regression,1,film_full_bounded_last_block,post_film,2.677973508834839,3.659157276153565,4.564446926116943,0.3229337632656097,2.439152956008911,1.4815571308135986,-1.3695446252822876,-0.0298321712762117,-1.1286178827285769,0.0875955447554588,0.7970277070999146,4.662203311920166,-0.1293637901544571,1.9086114168167116,4.260871887207031,-0.6479758620262146,0.2365659028291702,1.877294421195984,1.8557839393615725,-1.535832405090332,-0.1169427707791328,2.135542869567871,3.333136796951294,4.400667667388916,-0.0362922921776771,1.9644749164581297,1.935039758682251,-2.044775009155273,0.0461732260882854,-0.9217625856399536,-1.3713462352752686,0.630297839641571,5.004205226898193,-0.1421194076538086,2.473893642425537,4.8014817237854,-0.6917446255683899,0.3648619353771209,2.428637981414795,2.2143032550811768,-2.0863285064697266,-0.0725814923644065,1.8495728969573972,3.4600706100463867,3.889810562133789,0.1205805614590644,1.7480295896530151,2.004034996032715,-2.3257322311401367,0.2265109419822693,-0.5817988514900208,-1.111038088798523,0.3537376821041107,4.255343437194824,0.1797434091567993,2.587690591812134,4.570400714874268,-0.6278883218765259,0.0884310454130172,2.474102258682251,2.1896615028381348,-2.240766763687134,0.0720544010400772,1.9086114168167116,1.4851840734481812,1.877294421195984,1.5341604948043823,2.473893642425537,1.5716640949249268,2.428637981414795,1.6283172369003296,2.587690591812134,1.5409332513809204,2.474102258682251,1.616729974746704,-0.1237639188766479,0.074749007821083,-0.8008705973625183,0.0267220735549926,2.276216983795166,3.0621790885925293,-0.1829701513051986,-0.6062599420547485,32,0.8549283551983535,1.4077185617472028,0.0,4.892938613891602,9.3167789139548,512,1.0004384223138914,0.0013775460104253,0.9977114796638488,1.0026882886886597,22.637358822335223,512,0.0004384223138913,0.0013775460104253,-0.0022885203361511,0.0026882886886596,0.0327108809681455,512,0.0001476792457819,0.0015722944297245,-0.0021983832120895,0.0026245350018143,0.0357335485767824,512,0.0220098573749965,0.0690603694215246,-0.1149300783872604,0.1352317482233047,1.6401004373233463,512,0.0074185428284181,0.0788248357581896,-0.1103650853037834,0.1319878846406936,1.7914841414652145,1,1.0,0.0,1.0,1.0,1.0,46
1741,2023-02-03T00:00:00,regression,1,film_full_bounded_last_block,post_film,1.5036357641220093,3.078434944152832,3.1934168338775635,1.3862909078598022,0.3926532566547394,1.64932119846344,0.0699688717722892,-1.7238564491271973,-1.4821711778640747,-0.4676862359046936,3.614760160446167,2.4627106189727783,1.2763545513153076,0.7444033026695251,1.1408381462097168,1.1097413301467896,1.1614701747894287,0.6603412628173828,1.5795947313308716,0.1572683751583099,-1.743929743766785,1.1650912761688232,3.581530332565308,4.164600372314453,0.8456761837005615,-0.1255684792995453,3.2191600799560547,-0.3316478729248047,-2.896014928817749,-0.4911011755466461,0.0786215141415596,1.3886897563934326,5.202675819396973,0.9345497488975524,1.9452049732208248,2.912829637527466,2.159604072570801,2.5760114192962646,1.913275957107544,3.159785032272339,-0.2582986652851105,-2.8844871520996094,0.5141549110412598,3.4600706100463867,2.8461101055145264,0.889926552772522,-0.6124359965324402,3.5003395080566406,0.752824068069458,-4.083259582519531,-0.4836977124214172,0.265245646238327,1.1729196310043335,3.4151506423950195,1.3161044120788574,1.3350368738174438,1.617717742919922,3.296761274337769,3.5143189430236816,1.279981255531311,3.247850179672241,0.9398794174194336,-4.039661884307861,0.7444033026695251,0.968203902244568,0.6603412628173828,0.89471036195755,1.9452049732208248,1.5297173261642456,1.913275957107544,1.5849539041519165,1.3350368738174438,1.356003999710083,1.279981255531311,1.392770528793335,0.9395826458930968,0.6569749712944031,-1.350974440574646,-0.1628755331039428,0.8003406524658203,-0.3674626052379608,1.22313392162323,-0.0506788827478885,32,0.8225928873289376,0.9313430964495646,0.0,2.923794746398926,7.02921679071214,512,1.000407589948736,0.0010595331997644,0.9980678558349608,1.0023586750030518,22.63665240141465,512,0.0004075899487361,0.0010595331997644,-0.001932144165039,0.0023586750030517,0.0256872529841071,512,0.0001464534106165,0.0011948025285667,-0.0017345229862257,0.0023973684292286,0.0272376368666655,512,0.0204315389140674,0.0530725103784198,-0.0969085469841957,0.1184872537851333,1.2868097139108952,512,0.0073453362305144,0.0598359085683158,-0.0869445726275444,0.1204475313425064,1.3640954652406114,1,1.0,0.0,1.0,1.0,1.0,46
1190,2021-08-01T00:00:00,regression,1,film_full_bounded_last_block,post_film,2.347691059112549,3.3687961101531982,3.467622756958008,1.9770448207855225,1.448911190032959,1.039179801940918,-0.0451510213315486,-0.99153071641922,-0.9866762757301332,0.0771026015281677,1.3605742454528809,4.442254066467285,1.1006397008895874,0.8566123843193054,1.6231296062469482,0.6298373937606812,0.642257809638977,0.9496856927871704,1.4061052799224854,-0.1827559322118759,-1.1900020837783811,2.023026943206787,2.587956428527832,3.51541519165039,1.7276445627212524,1.234218716621399,1.340784192085266,-0.1756341904401779,-1.1698791980743408,-0.7129132747650146,0.1106334179639816,1.8942842483520508,3.614912509918213,1.8574090003967283,0.8419525623321533,1.4050211906433103,1.0439393520355225,0.9774479269981384,0.7903926372528076,1.358718752861023,-0.1205167397856712,-1.2306766510009766,2.749854564666748,5.031370162963867,3.611490488052368,3.252917766571045,1.9357939958572388,0.6374102234840393,0.5663654208183289,-1.1428664922714231,-0.7569283246994019,-0.7941588759422302,2.811283588409424,3.655205965042114,3.7423887252807617,0.2290755063295364,-0.0218665637075901,1.1328978538513184,1.0949697494506836,0.1420033872127533,0.8609591126441956,0.4617531597614288,-1.2776275873184204,0.8566123843193054,1.0679048299789429,0.9496856927871704,1.1736916303634644,0.8419525623321533,1.088384032249451,0.7903926372528076,1.0589390993118286,0.2290755063295364,0.3470518589019775,0.1420033872127533,0.1129785254597663,-0.3259737491607666,0.0035316075664013,-0.9442964792251588,-0.9272797107696532,0.8003406524658203,-1.1384310722351074,1.34365713596344,-0.6044175028800964,32,0.7781922002322972,1.0405322423469296,0.0,4.299266815185547,7.350190088134403,512,1.0004032250726596,0.0009280850870936,0.9979596138000488,1.002348780632019,22.6365506808742,512,0.0004032250726595,0.0009280850870936,-0.0020403861999511,0.002348780632019,0.0228965801531753,512,0.0001520872394738,0.0010255554143955,-0.0016225262079387,0.0023856156039983,0.0234594533491365,512,0.0202029239725334,0.0464819794362206,-0.1023763939738273,0.117985613644123,1.1468177995073123,512,0.0076227926033425,0.051344151241885,-0.0813049897551536,0.1198513656854629,1.1745196307075698,1,1.0,0.0,1.0,1.0,1.0,46
1014,2021-02-06T00:00:00,regression,1,film_full_bounded_last_block,post_film,0.7329766750335693,1.0459063053131104,1.5481809377670288,-0.1496694087982177,0.6567177772521973,1.0233161449432373,-0.9580518007278442,-0.0077730896882712,-0.1189879924058914,-0.7446369528770447,0.7970277070999146,2.0228121280670166,0.0463509932160377,1.2832870483398438,1.665274739265442,0.3222825825214386,0.3651728630065918,1.314781665802002,1.2639198303222656,-1.0183687210083008,-0.110682800412178,1.3619945049285889,2.0911693572998047,1.9219608306884768,0.4046919345855713,1.4104875326156616,0.6257468461990356,-1.0824540853500366,0.4228112697601318,-0.4908946752548218,0.1191747933626174,0.3775005638599396,2.126384258270264,0.3193102180957794,1.1316289901733398,1.7107255458831787,-0.3296265304088592,-0.2324879020452499,1.0992690324783323,0.8619742393493652,-1.101370930671692,0.2675597071647644,1.4944617748260498,3.0111279487609863,3.2172036170959477,-0.0259615369141101,1.4440302848815918,1.8491652011871336,-2.249206781387329,0.3050059974193573,-0.4733592867851257,-1.111038088798523,0.2513399124145508,3.455159902572632,0.0568935722112655,2.3816256523132324,3.848986864089966,-0.6042930483818054,-0.0518603175878524,2.277630090713501,1.9759416580200195,-2.101266860961914,0.1420560032129287,1.2832870483398438,1.3268160820007324,1.314781665802002,1.38825786113739,1.1316289901733398,1.2899540662765503,1.0992690324783323,1.3132599592208862,2.3816256523132324,1.5320425033569336,2.277630090713501,1.6061276197433472,-0.619031548500061,-0.0706364512443542,0.8686028718948364,0.3730445802211761,1.942954659461975,3.059842586517334,-0.5847141742706299,-0.6300055384635925,32,0.5166154829785228,0.7954760845941028,0.0,2.9913651943206787,5.365590393354443,512,1.0002827644348145,0.0008220946791403,0.9986120462417604,1.001661777496338,22.63382287083842,512,0.0002827644348144,0.0008220946791403,-0.0013879537582397,0.0016617774963378,0.0196714828667849,512,9.910106435961907e-05,0.0009431694942786,-0.0013351395027711,0.0015942301834002,0.0214589732871421,512,0.0141588338426572,0.0411450000301813,-0.0695088133215904,0.0832796394824981,0.9845874287603976,512,0.0049634596401801,0.0472040587662078,-0.0668564140796661,0.0798809826374054,1.0739943467955917,1,1.0,0.0,1.0,1.0,1.0,46
